<?xml version="1.0" encoding="utf-8" standalone="no" ?>
<GUI onOpen="onOpen" onClose="onClose" onCreate="onCreate">
    <GuiElement type="empty" profile="newLayer" />
    <GuiElement type="bitmap" profile="dialogFullscreenBg" />
    <GuiElement type="bitmap" profile="bgVignette"/>
    <GuiElement type="bitmap" profile="bgGlowDialog" />
    <GuiElement type="bitmap" profile="invoiceDetailDialog" id="dialogElement">        
        <GuiElement type="text" profile="dialogTitle" text="$l10n_ui_invoiceDetail_title" position="0px -30px" />
        
        <GuiElement type="text" profile="newInvoiceSettingTitle" text="$l10n_ui_invoiceDetail_from" position="10px -70px" size="100px 30px"/>
        <GuiElement type="text" profile="newInvoiceSettingTitle" id="textInvoiceFrom" text="$l10n_ui_newInvoice_farm" position="110px -70px" size="100px 30px"/>
        <GuiElement type="text" profile="newInvoiceSettingTitle" text="$l10n_ui_invoiceDetail_to" position="10px -110px" size="100px 30px"/>
        <GuiElement type="text" profile="newInvoiceSettingTitle" id="textInvoiceTo" position="110px -110px" size="100px 30px"/>
                
        <GuiElement type="text" profile="newInvoiceSettingTitle" text="$l10n_ui_invoiceDetail_items" position="10px -140px" size="100px 30px"/>
        
        <GuiElement type="smoothList" profile="invoiceDetailsFullList" id="invoiceDetailFullList" focusInit="onOpen">
            <GuiElement type="listItem" profile="invoiceDetailsFullListItem" name="invoiceDetailFullListRowTemplate" >
                <GuiElement type="bitmap" profile="ingameMenuInvoicesRowBackground">
                    <GuiElement type="text" profile="newInvoiceFullListRowCell" position="5px 0px" size="195px 40.77px" name="workName" />
                    <GuiElement type="text" profile="newInvoiceFullListRowCell" position="205px 0px" size="445px 40.77px" name="addText" />
                    <GuiElement type="text" profile="newInvoiceFullListRowCellR" position="650px 0px" size="195px 40.77px" name="workPrice" />
                </GuiElement>
            </GuiElement>
        </GuiElement>
        
        <GuiElement type="text" profile="newInvoiceAmountFull" position="190px -530px" size="315px 40.77px" text="$l10n_ui_fullCost" />
        <GuiElement type="text" profile="newInvoiceAmountFullR" position="510px -530px" size="205px 40.77px" id="textFullCost" />

        <GuiElement type="threePartBitmap" profile="verticalListSliderRightDocked" size="12px 330px" position="-165px -180px">
            <GuiElement type="slider" profile="verticalListSliderBar" size="6px 320px" dataElementId="invoiceDetailFullList" id="invoiceDetailFullListSlider" handleFocus="false" focusInit="onOpen"/>
        </GuiElement>  

        <GuiElement type="flowLayout" profile="buttonBoxDialog">
            <GuiElement type="button" profile="buttonBack" text="$l10n_ui_newInvoice_btnClose" onClick="onClickBack" />
        </GuiElement>
    </GuiElement>
</GUI>