﻿<?xml version="1.0" encoding="utf-8" standalone="no" ?>
<modDesc descVersion="61">
	<author>[LSMT]19BlueDragon83</author>
    <version>1.0.0.0</version>
    <title>
        <en>Train Stop</en>
		<de>Zug Stop</de>
    </title>
    <description>
		<en><![CDATA[Stops the train automatically. If the train is rented, it arrives. If you return the train, it stops where you left it.

If you let the train leave the map, it has to be rented again when it is back and put to the side. After that, you can return it and it will stay there.
]]>
		</en>
		<de><![CDATA[Stoppt automatisch den Zug. Wird der Zug gemietet, kommt er angefahren. Gibt man den Zug zurück, bleibt er dort stehen, wo man ihn abgestellt hat.

Lässt man den Zug aus der Karte fahren, muss er, wenn er zurück ist, nochmals gemietet und an der Seite abgestellt werden. Danach kann man ihn zurückgeben und er bleibt dort stehen.
]]>
		</de>
    </description>
    <multiplayer supported="true"/>
	<iconFilename>store.dds</iconFilename>
	<extraSourceFiles>	
		<sourceFile filename="StopTrain.lua" /> 
	</extraSourceFiles>
	<inputBindings>
    </inputBindings>
</modDesc>