<?xml version="1.0" encoding="utf-8" standalone="no" ?>
<vehicle type="baler" xmlns:xsi="http://www.w3.org/2001/XMLSchema-instance" xsi:noNamespaceSchemaLocation="https://validation.gdn.giants-software.com/xml/schema/vehicle.xsd">
    <storeData>
        <name>LB 436HD</name>
        <specs>
            <neededPower>230</neededPower>
        <!-- START TEXT ADDED -->
            <fillTypes>twine</fillTypes>
            <combination xmlFilename="xmlFilename/caseIH_twine.xml"/>
            <combination xmlFilename="xmlFilename/claas_twine.xml"/>
            <combination xmlFilename="xmlFilename/krone_twine.xml"/>
            <combination xmlFilename="xmlFilename/kuhn_twine.xml"/>
            <combination xmlFilename="xmlFilename/masseyFerguson_twine.xml"/>
            <combination xmlFilename="xmlFilename/newHolland_twine.xml"/>
            <combination xmlFilename="xmlFilename/twine.xml"/>
        <!-- FINISH TEXT ADDED -->
        </specs>
        <functions>
            <function>$l10n_function_baler</function>
        </functions>
        <!-- START TEXT ADDED -->
        <storePacks>
            <storePack>STARTER_TWINE</storePack>
        </storePacks>
        <!-- FINISH TEXT ADDED -->
        <image>$data/vehicles/caseIH/lb436HD/store_lb436HD.png</image>
        <price>159500</price>
        <lifetime>600</lifetime>
        <rotation>0</rotation>
        <brand>CASEIH</brand>
        <category>balers</category>
        <shopTranslationOffset>0 0.013 0</shopTranslationOffset>
        <shopRotationOffset>0.062 0 -0.208</shopRotationOffset>
        <shopFoldingState>1</shopFoldingState>
    </storeData>
    <base>
        <typeDesc>$l10n_typeDesc_baler</typeDesc>
        <filename>$data/vehicles/newHolland/bigBaler1290HD/bigBaler1290HD.i3d</filename>
        <size width="4" length="10" lengthOffset="0"/>
        <speedLimit value="17"/>
        <components>
            <component centerOfMass="0 0.8 -0.5" solverIterationCount="10" mass="13390"/>
            <component centerOfMass="0 0 0" solverIterationCount="10" mass="200"/>
            <joint component1="1" component2="2" node="joint" rotLimit="0 0 0" transLimit="0 0 0"/>
        </components>
        <schemaOverlay attacherJointPosition="0 0" name="IMPLEMENT"/>
        <objectChanges>
            <objectChange node="config_nh" visibilityActive="false"/>
            <objectChange node="config_case" visibilityActive="true"/>
        </objectChanges>
        <mapHotspot type="TOOL_TRAILED"/>
    </base>
    <wheels>
        <wheelConfigurations>
            <wheelConfiguration name="$l10n_configuration_valueDefault" price="0" brand="TRELLEBORG" saveId="TRELLEBORG_DEFAULT">
                <wheels>
                    <wheel filename="$data/shared/wheels/tires/trelleborg/TwinRadial/600_55R26_5.xml" isLeft="true">
                        <physics tipOcclusionAreaGroupId="1" restLoad="3.2" repr="wheelFrontLeft" forcePointRatio="0.5" initialCompression="40" suspTravel="0.14" spring="54" damper="30" yOffset="0.0375"/>
                        <wheelChock parkingNode="wheelChock01" filename="$data/shared/assets/wheelChocks/wheelChock02.i3d"/>
                        <wheelChock parkingNode="wheelChock02" isInverted="true" filename="$data/shared/assets/wheelChocks/wheelChock02.i3d"/>
                    </wheel>
                    <wheel filename="$data/shared/wheels/tires/trelleborg/TwinRadial/600_55R26_5.xml" isLeft="false">
                        <physics tipOcclusionAreaGroupId="2" restLoad="3.2" repr="wheelFrontRight" forcePointRatio="0.5" initialCompression="40" suspTravel="0.14" spring="54" damper="30" yOffset="0.0375"/>
                    </wheel>
                    <wheel filename="$data/shared/wheels/tires/trelleborg/TwinRadial/600_55R26_5.xml" isLeft="true" hasTireTracks="true" hasParticles="true">
                        <physics tipOcclusionAreaGroupId="1" restLoad="3.2" repr="wheelBackLeftAxis" driveNode="wheelBackLeft" forcePointRatio="0.5" initialCompression="40" suspTravel="0.14" spring="54" damper="30" yOffset="0.035"/>
                        <steeringAxle scale="-0.7" rotMax="15" rotMin="-15"/>
                    </wheel>
                    <wheel filename="$data/shared/wheels/tires/trelleborg/TwinRadial/600_55R26_5.xml" isLeft="false" hasTireTracks="true" hasParticles="true">
                        <physics tipOcclusionAreaGroupId="2" restLoad="3.2" repr="wheelBackRightAxis" driveNode="wheelBackRight" forcePointRatio="0.5" initialCompression="40" suspTravel="0.14" spring="54" damper="30" yOffset="0.035"/>
                        <steeringAxle scale="-0.7" rotMax="15" rotMin="-15"/>
                    </wheel>
                    <wheel>
                        <physics rotMin="-15" rotMax="15" tipOcclusionAreaGroupId="3" restLoad="0.2" repr="wheelLeftAxis" driveNode="wheelLeft" forcePointRatio="0.1" radius="0.173" width="0.15" mass="0.1" initialCompression="20" suspTravel="0.03" spring="15" damper="10" rotationDamping="0.002" brakeFactor="0" versatileYRot="true"/>
                    </wheel>
                    <wheel>
                        <physics rotMin="-15" rotMax="15" tipOcclusionAreaGroupId="3" restLoad="0.2" repr="wheelRightAxis" driveNode="wheelRight" forcePointRatio="0.1" radius="0.173" width="0.15" mass="0.1" initialCompression="20" suspTravel="0.03" spring="15" damper="10" rotationDamping="0.002" brakeFactor="0" versatileYRot="true"/>
                    </wheel>
                </wheels>
            </wheelConfiguration>
            <wheelConfiguration name="$l10n_configuration_valueDefault" price="0" brand="MICHELIN" saveId="MICHELIN_DEFAULT">
                <wheels baseConfig="TRELLEBORG_DEFAULT">
                    <wheel filename="$data/shared/wheels/tires/michelin/cargoXBib/600_55R26_5.xml">
                        <physics yOffset="0.0415"/>
                        <wheelChock/>
                        <wheelChock/>
                    </wheel>
                    <wheel filename="$data/shared/wheels/tires/michelin/cargoXBib/600_55R26_5.xml">
                        <physics yOffset="0.0415"/>
                    </wheel>
                    <wheel filename="$data/shared/wheels/tires/michelin/cargoXBib/600_55R26_5.xml">
                        <physics yOffset="0.039"/>
                    </wheel>
                    <wheel filename="$data/shared/wheels/tires/michelin/cargoXBib/600_55R26_5.xml">
                        <physics yOffset="0.039"/>
                    </wheel>
                    <wheel/>
                    <wheel/>
                </wheels>
            </wheelConfiguration>
            <wheelConfiguration name="$l10n_configuration_valueDefault" price="0" brand="BKT" saveId="BKT_DEFAULT">
                <wheels baseConfig="TRELLEBORG_DEFAULT">
                    <wheel filename="$data/shared/wheels/tires/bkt/ridemaxFL693M/600_55R26_5.xml">
                        <physics yOffset="0.0325"/>
                        <wheelChock/>
                        <wheelChock/>
                    </wheel>
                    <wheel filename="$data/shared/wheels/tires/bkt/ridemaxFL693M/600_55R26_5.xml">
                        <physics yOffset="0.0325"/>
                    </wheel>
                    <wheel filename="$data/shared/wheels/tires/bkt/ridemaxFL693M/600_55R26_5.xml">
                        <physics yOffset="0.03"/>
                    </wheel>
                    <wheel filename="$data/shared/wheels/tires/bkt/ridemaxFL693M/600_55R26_5.xml">
                        <physics yOffset="0.03"/>
                    </wheel>
                    <wheel/>
                    <wheel/>
                </wheels>
            </wheelConfiguration>
            <wheelConfiguration name="$l10n_configuration_valueDefault" price="0" brand="VREDESTEIN" saveId="VREDESTEIN_DEFAULT">
                <wheels baseConfig="TRELLEBORG_DEFAULT">
                    <wheel filename="$data/shared/wheels/tires/vredestein/flotationTrac/600_55R26_5.xml">
                        <physics yOffset="0.0415"/>
                        <wheelChock/>
                        <wheelChock/>
                    </wheel>
                    <wheel filename="$data/shared/wheels/tires/vredestein/flotationTrac/600_55R26_5.xml">
                        <physics yOffset="0.0415"/>
                    </wheel>
                    <wheel filename="$data/shared/wheels/tires/vredestein/flotationTrac/600_55R26_5.xml">
                        <physics yOffset="0.039"/>
                    </wheel>
                    <wheel filename="$data/shared/wheels/tires/vredestein/flotationTrac/600_55R26_5.xml">
                        <physics yOffset="0.039"/>
                    </wheel>
                    <wheel/>
                    <wheel/>
                </wheels>
            </wheelConfiguration>
        </wheelConfigurations>
        <rimColor material="18">SHARED_WHITE1</rimColor>
        <hubs>
            <color0>SHARED_DA_METAL_BLACK</color0>
            <color1>SHARED_GREY3</color1>
            <hub linkNode="wheelFrontLeft" filename="$data/shared/wheels/hubs/hub_n8_6.xml" isLeft="true" scale="0.25 0.305 0.305"/>
            <hub linkNode="wheelFrontRight" filename="$data/shared/wheels/hubs/hub_n8_6.xml" isLeft="false" scale="0.25 0.305 0.305"/>
            <hub linkNode="wheelBackLeft" filename="$data/shared/wheels/hubs/hub_n8_6.xml" isLeft="true" scale="0.25 0.305 0.305"/>
            <hub linkNode="wheelBackRight" filename="$data/shared/wheels/hubs/hub_n8_6.xml" isLeft="false" scale="0.25 0.305 0.305"/>
            <hub linkNode="pickupWheelLeft" filename="$data/shared/wheels/hubs/hubSmall_n0_1.xml" isLeft="true" scale="0.1 0.132 0.132">
                <color0 material="18">SHARED_WHITE1</color0>
                <color1>-</color1>
            </hub>
            <hub linkNode="pickupWheelRight" filename="$data/shared/wheels/hubs/hubSmall_n0_1.xml" isLeft="false" scale="0.132 0.132 0.132">
                <color0 material="18">SHARED_WHITE1</color0>
                <color1>-</color1>
            </hub>
        </hubs>
        <dynamicallyLoadedWheels>
            <dynamicallyLoadedWheel linkNode="pickupWheelLeft" filename="$data/shared/wheels/tires/trelleborg/T510/15x6_00R6.xml" isLeft="true"/>
            <dynamicallyLoadedWheel linkNode="pickupWheelRight" filename="$data/shared/wheels/tires/trelleborg/T510/15x6_00R6.xml" isLeft="false"/>
        </dynamicallyLoadedWheels>
    </wheels>
    <dynamicallyLoadedParts>
        <dynamicallyLoadedPart node="0" linkNode="wheelChockMount01" filename="$data/shared/assets/wheelChocks/wheelChockSupport01.i3d"/>
        <dynamicallyLoadedPart node="0" linkNode="wheelChockMount02" filename="$data/shared/assets/wheelChocks/wheelChockSupport01.i3d"/>
        <dynamicallyLoadedPart node="1|0" linkNode="hydraulicIn01_detachedAdapter" filename="$data/shared/connectionHoses/connectors.i3d"/>
        <dynamicallyLoadedPart node="1|0" linkNode="hydraulicOut01_detachedAdapter" filename="$data/shared/connectionHoses/connectors.i3d"/>
        <dynamicallyLoadedPart node="1|2" linkNode="airIn_detachedAdapter" filename="$data/shared/connectionHoses/connectors.i3d"/>
        <dynamicallyLoadedPart node="1|3" linkNode="airOut_detachedAdapter" filename="$data/shared/connectionHoses/connectors.i3d"/>
    </dynamicallyLoadedParts>
    <speedRotatingParts>
        <speedRotatingPart node="pickupWheelLeft" wheelIndex="5"/>
        <speedRotatingPart node="pickupWheelRight" wheelIndex="6"/>
        <speedRotatingPart node="drum01" radius="0.3" groundReferenceNodeIndex="1" onlyActiveWhenLowered="true" rotateOnlyIfFillLevelIncreased="true"/>
        <speedRotatingPart node="blade" radius="12" groundReferenceNodeIndex="1" onlyActiveWhenLowered="true" rotateOnlyIfFillLevelIncreased="true" stopIfNotActive="true"/>
    </speedRotatingParts>
    <licensePlates>
        <licensePlate node="licensePlateNodeBack" position="BACK" preferedType="SQUARISH" placementArea="0.04 0.1 0.1 0.12"/>
    </licensePlates>
    <attachable>
        <inputAttacherJoints>
            <inputAttacherJoint node="attacherJoint" jointType="trailerLow" attacherHeight="0.615"/>
        </inputAttacherJoints>
        <steeringAxleAngleScale startSpeed="0" endSpeed="90"/>
        <support animationName="moveSupport"/>
        <brakeForce force="1.6"/>
    </attachable>
    <powerTakeOffs>
        <input inputAttacherJointIndices="1" inputNode="ptoInputNode" aboveAttacher="true" detachNode="ptoDetachNode" color="SHARED_BLACK1" decalColor="WALTERSCHEID_YELLOW1"/>
    </powerTakeOffs>
    <suspensions>
        <suspension node="drumHolderSuspensions" weight="150" minTranslation="0 0 0" maxTranslation="0 0.25 0.0" suspensionParametersX="20 4" suspensionParametersY="5 1" suspensionParametersZ="20 4"/>
    </suspensions>
    <connectionHoses>
        <hose inputAttacherJointIndices="1" type="hydraulicIn" node="hydraulicIn01" length="0.9" diameter="0.015" straighteningFactor="1.5">
           <objectChange node="hydraulicIn01_detached" visibilityActive="false" visibilityInactive="true"/>
        </hose>
        <hose inputAttacherJointIndices="1" type="hydraulicOut" node="hydraulicOut01" length="0.9" diameter="0.015" straighteningFactor="1.5">
           <objectChange node="hydraulicOut01_detached" visibilityActive="false" visibilityInactive="true"/>
        </hose>
        <hose inputAttacherJointIndices="1" type="airDoubleRed" node="airIn" length="0.9" diameter="0.015" straighteningFactor="1.5">
            <objectChange node="airInDetached" visibilityActive="false" visibilityInactive="true"/>
        </hose>
        <hose inputAttacherJointIndices="1" type="airDoubleYellow" node="airOut" length="0.9" diameter="0.015" straighteningFactor="1.5">
            <objectChange node="airOutDetached" visibilityActive="false" visibilityInactive="true"/>
        </hose>
        <hose inputAttacherJointIndices="1" type="electric" node="electric" adapterNode="electric_detachedAdapter" length="0.9" diameter="0.015" straighteningFactor="1.5">
            <objectChange node="electric_detached" visibilityActive="false" visibilityInactive="true"/>
        </hose>
    </connectionHoses>
    <powerConsumer ptoRpm="470" neededMinPtoPower="65" neededMaxPtoPower="85"/>
    <lights>
        <sharedLight linkNode="hellaWorkingLightRound_01" filename="$data/shared/assets/lights/hella/hellaWorkingLightRound_01_back.xml"/>
        <sharedLight linkNode="hellaWorkingLightRound_02" filename="$data/shared/assets/lights/hella/hellaWorkingLightRound_01_back.xml"/>
        <sharedLight linkNode="redTriangle_02" filename="$data/shared/assets/reflectors/lizard/redTriangle_02.xml"/>
        <sharedLight linkNode="redTriangle_03" filename="$data/shared/assets/reflectors/lizard/redTriangle_02.xml"/>
        <sharedLight linkNode="sideMarker_04Orange" filename="$data/shared/assets/lights/lizard/sideMarker05Orange.xml"/>
        <sharedLight linkNode="sideMarker_04Orange1" filename="$data/shared/assets/lights/lizard/sideMarker05Orange.xml"/>
        <sharedLight linkNode="sideMarker_04Orange2" filename="$data/shared/assets/lights/lizard/sideMarker05Orange.xml"/>
        <sharedLight linkNode="sideMarker_04Orange3" filename="$data/shared/assets/lights/lizard/sideMarker05Orange.xml"/>
        <sharedLight linkNode="sideMarker_04Orange4" filename="$data/shared/assets/lights/lizard/sideMarker05Orange.xml"/>
        <sharedLight linkNode="sideMarker_04Orange5" filename="$data/shared/assets/lights/lizard/sideMarker05Orange.xml"/>
        <sharedLight linkNode="rearPlateNumberLight_01" filename="$data/shared/assets/lights/lizard/plateNumberLight01.xml"/>
        <realLights>
            <high>
                <light node="backLightsHigh1" lightTypes="0"/>
                <light node="licensePlateLightHigh" lightTypes="0"/>
                <light node="workLightBackLow" lightTypes="1"/>
                <turnLightLeft node="turnLightLeftBack"/>
                <turnLightRight node="turnLightRightBack"/>
                <brakeLight node="backLightsHigh1"/>
            </high>
        </realLights>
        <defaultLights>
            <defaultLight shaderNode="frontlightstatic" lightTypes="0"/>
            <defaultLight shaderNode="backlightsStatic" lightTypes="0"/>
        </defaultLights>
        <brakeLights>
            <brakeLight shaderNode="backlightsStatic"/>
        </brakeLights>
        <turnLights>
            <turnLightLeft shaderNode="turnlightLeftStatic"/>
            <turnLightRight shaderNode="turnlightRightStatic"/>
        </turnLights>
        <beaconLights>
            <beaconLight node="beaconLight01" filename="$data/shared/assets/beaconLights/lizard/beaconLight07.xml"/>
        </beaconLights>
    </lights>
    <groundReferenceNodes>
        <groundReferenceNode node="groundReferenceNode" threshold="0.4"/>
    </groundReferenceNodes>
    <workAreas>
        <workArea type="baler" functionName="processBalerArea" disableBackwards="false">
            <area startNode="workAreaStart" widthNode="workAreaWidth" heightNode="workAreaHeight"/>
            <groundReferenceNode index="1"/>
        </workArea>
    </workAreas>
    <foldable>
        <foldingConfigurations>
            <foldingConfiguration>
                <foldingParts startMoveDirection="1" turnOnFoldMinLimit="0.0" turnOnFoldMaxLimit="0.02" allowUnfoldingByAI="false">
                    <foldingPart animationName="foldBackDoor" speedScale="1"/>
                </foldingParts>
            </foldingConfiguration>
        </foldingConfigurations>
    </foldable>
    <animations>
        <animation name="moveSupport">
            <part node="supportArm" startTime="0" endTime="0.5" startTrans="0 0 0" endTrans="0 -0.64 0"/>
            <sound template="clackVar1" startTime="0.1" direction="-1" volumeScale="1.2" pitchScale="1.5" linkNode="attacherJoint"/>
            <sound template="clackVar5" startTime="0.01" direction="1" volumeScale="0.9" pitchScale="1.4" linkNode="attacherJoint"/>
        </animation>
        <animation name="rotatePickup">
            <part node="joint" startTime="0" endTime="1" startRot="-29 0 0" endRot="-29 0 0"/>
            <part              startTime="0" endTime="1" componentJointIndex="1" startRotLimit="0 0 0" endRotLimit="33 0 0"/>
            <sound template="defaultHydraulicSound" startTime="0.01" endTime="0.9" direction="1" volumeScale="0.9" pitchScale="1" fadeIn="0.1" fadeOut="0.2" linkNode="pickup"/>
            <sound template="defaultHydraulicSound" startTime="0.01" endTime="0.8" direction="-1" volumeScale="1.8" pitchScale="1" fadeIn="0.1" fadeOut="0.2" linkNode="pickup"/>
            <sound template="clackVar6" startTime="0.9" direction="1" volumeScale="0.7" pitchScale="0.7" linkNode="pickup"/>
            <sound template="clackVar6" startTime="0.01" direction="-1" volumeScale="1.2" pitchScale="0.9" linkNode="pickup"/>
            <sound template="sheetImp02" startTime="0.01" direction="-1" volumeScale="1.5" pitchScale="1.4" linkNode="pickup"/>
        </animation>
        <animation name="knoting">
            <part node="knotingDrum" startTime="0" endTime="0.999" startRot="0 0 0" endRot="359.999 0 0"/>
            <part node="knotingDrum" startTime="0.999" endTime="1" startRot="359.999 0 0" endRot="0 0 0"/>
        </animation>
        <animation name="foldBackDoor">
            <part node="backPart" startTime="2.5" endTime="5" startRot="0 0 0" endRot="79.245 0 0"/>
            <part node="backPartFlap" startTime="0" endTime="2.5" startRot="0 0 0" endRot="83.239 0 0"/>
            <sound template="defaultHydraulicSound" startTime="0.01" endTime="2.5" volumeScale="1.6" pitchScale="1.2" fadeIn="0.1" fadeOut="0.2"/>
            <sound template="defaultHydraulicSound" startTime="2.6" endTime="4.99" volumeScale="1.6" pitchScale="0.8" fadeIn="0.1" fadeOut="0.2"/>
            <sound template="clackVar6" startTime="4.99" direction="-1" volumeScale="1.1" pitchScale="1.3"/>
            <sound template="sheetImp02" startTime="4.99" direction="-1" volumeScale="1.5" pitchScale="0.8"/>
            <sound template="latchSmall" startTime="4.99" direction="-1" volumeScale="0.5" pitchScale="2"/>
            <sound template="sheetImp02" startTime="2.5" volumeScale="1.5" pitchScale="0.8"/>
            <sound template="clackVar6" startTime="2.5" volumeScale="1" pitchScale="0.8"/>
            <sound template="sheetImp05" startTime="0.01" direction="-1" volumeScale="1.5" pitchScale="0.8"/>
            <sound template="clackVar6" startTime="0.01" direction="-1" volumeScale="1.5" pitchScale="0.9"/>
            <sound template="clackVar5" startTime="0.01" direction="1" volumeScale="0.5" pitchScale="1.6"/>
            <sound template="clackVar6" startTime="4.99" direction="1" volumeScale="0.9" pitchScale="0.8"/>
            <sound template="clackVar4" startTime="4.99" direction="1" volumeScale="1.1" pitchScale="1.8"/>
            <sound template="sheetImp05" startTime="2.4" direction="1" volumeScale="0.7" pitchScale="0.6"/>
        </animation>
        <animation name="balingAnimation" looping="true">
            <part node="pushBackMoveRotation" startTime="0" endTime="0.999" startRot="0 0 0" endRot="359.999 0 0"/>
            <part node="pushBackMoveRotation" startTime="0.999" endTime="1.000" startRot="359.999 0 0" endRot="0 0 0"/>
            <part node="pushRotor" startTime="0" endTime="0.999" startRot="0 0 0" endRot="359.999 0 0"/>
            <part node="pushRotor" startTime="0.999" endTime="1.000" startRot="359.999 0 0" endRot="0 0 0"/>
            <part node="rafferRotArm" startTime="0" endTime="0.999" startRot="0 0 0" endRot="-359.999 0 0"/>
            <part node="rafferRotArm" startTime="0.999" endTime="1.000" startRot="-359.999 0 0" endRot="0 0 0"/>
            <part node="inputMoverMainArmRef" startTime="0" endTime="0.5" startTrans="0 0 0" endTrans="0 0 -0.1"/>
            <part node="inputMoverMainArmRef" startTime="0.5" endTime="1" startTrans="0 0 0" endTrans="0 0 0.1"/>
        </animation>
    </animations>
    <cylindered>
        <movingTools>
            <movingTool node="backPart" playSound="true">
                <dependentPart node="backPartHydraulic"/>
                <dependentPart node="backPartArm01"/>
            </movingTool>
            <movingTool node="backPartFlap" playSound="true">
                <dependentPart node="backPartHydraulic"/>
            </movingTool>
            <movingTool node="knotingDrum" playSound="false">
                <dependentPart node="knotingArm"/>
            </movingTool>
            <movingTool node="pushBackMoveRotation">
                <dependentPart node="pushBackDir"/>
                <dependentPart node="inputMoverMainArm"/>
                <dependentPart node="inputMoverMainArmPart"/>
            </movingTool>
            <movingTool node="joint" playSound="true">
                <componentJoint index="1"/>
            </movingTool>
        </movingTools>
        <movingParts>
            <movingPart node="steeringBar" referencePoint="steeringBarRef" referenceFrame="steeringBarRef" isActiveDirty="true" maxUpdateDistance="40"/>
            <movingPart node="steeringBarHydraulic" referencePoint="steeringBarHydraulicRef" referenceFrame="steeringBarHydraulicRef" isActiveDirty="true" maxUpdateDistance="40">
                <translatingPart node="steeringBarHydraulicPunch"/>
            </movingPart>
            <movingPart node="drumHolder" referencePoint="drumHolderSuspensions" referenceFrame="drumHolderSuspensions" isActiveDirty="true" maxUpdateDistance="150"/>
            <movingPart node="pickup" referencePoint="pickupRef" referenceFrame="bigBaler1290HD_main_component1" isActiveDirty="true" limitedAxis="1" maxUpdateDistance="150">
                <dependentPart node="pickupWheelLeftArm"/>
                <dependentPart node="pickupWheelRightArm"/>
                <dependentPart node="pickupHydraulic"/>
            </movingPart>
            <movingPart node="pickupWheelLeftArm" referenceFrame="wheelLeftAxis" limitedAxis="2"/>
            <movingPart node="pickupWheelRightArm" referenceFrame="wheelRightAxis" limitedAxis="2"/>
            <movingPart node="backPartHydraulic" referencePoint="backPartHydraulicRef" referenceFrame="backPartHydraulicRef">
                <translatingPart node="backPartHydraulicPunch"/>
            </movingPart>
            <movingPart node="backPartArm01" localReferencePoint="backPartArm01LocalRef" referencePoint="backPartArm02Ref" referenceFrame="backPartArm01RefFrame">
                <dependentPart node="backPartArm02"/>
            </movingPart>
            <movingPart node="backPartArm02" referencePoint="backPartArm02Ref" referenceFrame="backPartArm02Ref"/>
            <movingPart node="inputMoverMainArm" referencePoint="inputMoverMainArmRef" referenceFrame="inputMoverMainArmRefFrame"/>
            <movingPart node="knotingArm" localReferencePoint="knotingArmPart" referencePoint="knotingArmPartRef" referenceFrame="knotingArmRefFrame" limitedAxis="1">
                <dependentPart node="knotingArmPart"/>
            </movingPart>
            <movingPart node="knotingArmPart" referencePoint="knotingArmPartRef" referenceFrame="knotingArmPartRefFrame"/>
            <movingPart node="pickupHydraulic" referencePoint="pickupHydraulicRef" referenceFrame="pickupHydraulicRef">
                <translatingPart node="pickupHydraulicPunch"/>
            </movingPart>
            <movingPart node="pushBackDir" referencePoint="pushBackRef" referenceFrame="pushBackDirRefFrame" limitedAxis="2">
                <translatingPart node="pushBack"/>
                <dependentPart node="pushBackPunch"/>
            </movingPart>
            <movingPart node="pushBackPunch" referencePoint="pushBackPunchRef" referenceFrame="pushBackPunchRef" scaleZ="true"/>
        </movingParts>
    </cylindered>
    <pickup>
        <animation name="rotatePickup" lowerSpeed="1.5" liftSpeed="-1"/>
    </pickup>
    <fillUnit>
        <fillUnitConfigurations>
            <fillUnitConfiguration>
                <fillUnits>
                    <fillUnit unitTextOverride="$l10n_unit_literShort" fillTypeCategories="windrow" capacity="4000" showInShop="false"/>
                    <!-- START TEXT ADDED -->
                    <fillUnit unitTextOverride="$l10n_unit_meterShort" fillTypeCategories="twine" capacity="216000" showCapacityInShop="false"/>
                    <fillTrigger litersPerSecond="6000"/>
                    <!-- FINISH TEXT ADDED -->
                </fillUnits>
            </fillUnitConfiguration>
        </fillUnitConfigurations>
    </fillUnit>
    <baler fillScale="1" maxPickupLitersPerSecond="325">
        <baleAnimation>
            <key pos="0 0 0" rot="0 0 0"/>
            <key pos="0 0 -5.65" rot="0 0 0"/>
        </baleAnimation>
        <baleTypes>
            <baleType isRoundBale="false" width="1.2" height="0.9" length="1.8">
                <nodes baleRootNode="baleRootNode" baleNode="baleNode" scaleNode="baleAnimation"/>
                <objectChange node="baleNode" translationActive="0 0 -0.9"/>
            </baleType>
            <baleType isRoundBale="false" width="1.2" height="0.9" length="2.2" isDefault="true">
                <nodes baleRootNode="baleRootNode" baleNode="baleNode" scaleNode="baleAnimation"/>
                <objectChange node="baleNode" translationActive="0 0 -1.1"/>
            </baleType>
            <baleType isRoundBale="false" width="1.2" height="0.9" length="2.4">
                <nodes baleRootNode="baleRootNode" baleNode="baleNode" scaleNode="baleAnimation"/>
                <objectChange node="baleNode" translationActive="0 0 -1.2"/>
            </baleType>
        </baleTypes>
        <sounds>
            <work template="BALE_WRAPPING_02"/>
            <unload template="BALER_UNLOAD"/>
            <knotCleaning template="BALER_KNOT_CLEANING"/>
        </sounds>
        <baleUnloading time="4" allowed="true" foldThreshold="0.1"/>
        <knotingAnimation name="knoting" speed="0.5"/>
        <fillEffect>
            <effectNode effectClass="TypedMotionPathEffect" effectType="PICKUPIN" linkNode="pickupEffectNode">
                <motionPathEffect textureFilename="$data/vehicles/newHolland/bigBaler1290HD/pickupEffectArray.dds" numRows="12" rowLength="10" minFade="0.15" shapeScale="0.85"/>
            </effectNode>
            <effectNode effectClass="TypedMotionPathEffect" effectType="PICKUPIN" linkNode="liftupEffectNode">
                <motionPathEffect textureFilename="$data/vehicles/newHolland/bigBaler1290HD/liftupEffectArray.dds" numRows="10" rowLength="10" delay="0.35" shapeScale="0.5" maxShapeScale="0.5" density="2"/>
            </effectNode>
            <effectNode effectClass="ParticleEffect" effectNode="smokeEmitter" particleType="SMOKE" materialType="smokeParticle" emitCountScale="0.1"/>
            <effectNode effectClass="ParticleEffect" effectNode="smokeEmitter" particleType="SMOKE" materialType="smokeParticle" emitCountScale="0.2" worldSpace="false"/>
        </fillEffect>
        <animationNodes>
            <animationNode node="drum03" rotSpeed="1000" rotAxis="1" turnOnFadeTime="2" turnOffFadeTime="6"/>
            <animationNode node="drum04" rotSpeed="1000" rotAxis="1" turnOnFadeTime="2" turnOffFadeTime="6"/>
            <animationNode node="drum02" rotSpeed="1000" rotAxis="1" turnOnFadeTime="2" turnOffFadeTime="2"/>
            <animationNode node="rotor" rotSpeed="1200" rotAxis="1" turnOnFadeTime="2" turnOffFadeTime="6"/>
            <animationNode node="swingWheel" rotSpeed="1400" rotAxis="3" turnOnFadeTime="2" turnOffFadeTime="6"/>
            <animationNode node="pto01" rotSpeed="650" rotAxis="3" turnOnFadeTime="2" turnOffFadeTime="6"/>
            <animationNode node="pto02" rotSpeed="650" rotAxis="3" turnOnFadeTime="2" turnOffFadeTime="6"/>
            <animationNode node="fan01" rotSpeed="-1000" rotAxis="1" turnOnFadeTime="2" turnOffFadeTime="6"/>
            <animationNode node="fan02" rotSpeed="-1000" rotAxis="1" turnOnFadeTime="2" turnOffFadeTime="6"/>
            <animationNode node="fan03" rotSpeed="-1000" rotAxis="1" turnOnFadeTime="2" turnOffFadeTime="6"/>
            <animationNode node="headerChain" rotSpeed="70" rotAxis="1" shaderComponentScale="0 1 0 0" shaderParameterName="offsetUV"/>
        </animationNodes>
    </baler>
    <turnOnVehicle>
        <turnedOnAnimation name="balingAnimation" speedScale="0.75"/>
        <animationNodes>
            <animationNode node="tines" rotSpeed="-500" rotAxis="1" class="RotationAnimationSpikes" turnOnFadeTime="1" turnOffFadeTime="2">
                <spikes moveUpRange="0 125" moveDownRange="200 250" maxRot="80" rotAxis="1">
                    <spike node="tinesPart01"/>
                    <spike node="tinesPart02"/>
                    <spike node="tinesPart03"/>
                    <spike node="tinesPart04"/>
                    <spike node="tinesPart05"/>
                </spikes>
            </animationNode>
        </animationNodes>
    </turnOnVehicle>
    <ai>
        <allowTurnBackward value="false"/>
        <agentAttachment jointNode="attacherJoint" rotCenterWheelIndices="1 2 3 4" width="3.3" height="3.5" length="7" lengthOffset="0"/>
    </ai>
    <foliageBending>
        <bendingNode minX="-1.6" maxX="1.6" minZ="-2.7" maxZ="2.6" yOffset="0.6"/>
        <bendingNode minX="-0.6" maxX="0.6" minZ="-4.5" maxZ="4.1" yOffset="0.8"/>
        <bendingNode minX="-1.5" maxX="1.5" minZ="-0.1" maxZ="1.1" yOffset="-0.5" node="pickup"/>
        <bendingNode minX="-0.8" maxX="0.8" minZ="-1.9" maxZ="-0.2" yOffset="-0.25" node="backPart"/>
    </foliageBending>
    <wearable wearDuration="480" workMultiplier="5" fieldMultiplier="2"/>
    <washable dirtDuration="90" washDuration="1" workMultiplier="4" fieldMultiplier="2"/>
    <baseMaterial>
        <material name="bigBaler1290HD_mat" baseNode="bigBaler1290HD">
            <shaderParameter name="colorMat0" value="SHARED_BLACK1"/>
            <shaderParameter name="colorMat3" value="CASEIH_RED1"/>
            <shaderParameter name="colorMat6" value="CASEIH_RED1" material="1"/>
            <shaderParameter name="colorMat7" value="CASEIH_RED1" material="0"/>
        </material>
    </baseMaterial>
    <i3dMappings>
        <i3dMapping id="bigBaler1290HD_main_component1" node="0>"/>
        <i3dMapping id="joint" node="0>0|0|0"/>
        <i3dMapping id="attacherJoint" node="0>0|0|1"/>
        <i3dMapping id="supportArm" node="0>0|0|2|0"/>
        <i3dMapping id="ptoInputNode" node="0>0|0|3|0"/>
        <i3dMapping id="ptoDetachNode" node="0>0|0|3|1"/>
        <i3dMapping id="wheelChock01" node="0>0|0|4|0"/>
        <i3dMapping id="wheelChock02" node="0>0|0|4|1"/>
        <i3dMapping id="wheelChockMount01" node="0>0|0|4|2"/>
        <i3dMapping id="wheelChockMount02" node="0>0|0|4|3"/>
        <i3dMapping id="hydraulicIn01" node="0>0|0|5|0"/>
        <i3dMapping id="hydraulicOut01" node="0>0|0|5|1"/>
        <i3dMapping id="hydraulicIn01_detached" node="0>0|0|5|2"/>
        <i3dMapping id="hydraulicIn01_detachedAdapter" node="0>0|0|5|2|0"/>
        <i3dMapping id="hydraulicOut01_detached" node="0>0|0|5|3"/>
        <i3dMapping id="hydraulicOut01_detachedAdapter" node="0>0|0|5|3|0"/>
        <i3dMapping id="airInDetached" node="0>0|0|5|4"/>
        <i3dMapping id="airIn_detachedAdapter" node="0>0|0|5|4|0"/>
        <i3dMapping id="airOutDetached" node="0>0|0|5|5"/>
        <i3dMapping id="airOut_detachedAdapter" node="0>0|0|5|5|0"/>
        <i3dMapping id="airIn" node="0>0|0|5|6"/>
        <i3dMapping id="airOut" node="0>0|0|5|7"/>
        <i3dMapping id="electric" node="0>0|0|5|8"/>
        <i3dMapping id="electric_detached" node="0>0|0|5|8|0"/>
        <i3dMapping id="electric_detachedAdapter" node="0>0|0|5|8|0|0"/>
        <i3dMapping id="wheelFrontLeft" node="0>0|1|0"/>
        <i3dMapping id="wheelFrontRight" node="0>0|1|1"/>
        <i3dMapping id="wheelBackLeftAxis" node="0>0|1|2"/>
        <i3dMapping id="wheelBackLeft" node="0>0|1|2|0"/>
        <i3dMapping id="steeringBar" node="0>0|1|2|1"/>
        <i3dMapping id="steeringBarHydraulicRef" node="0>0|1|2|1|0"/>
        <i3dMapping id="wheelBackRightAxis" node="0>0|1|3"/>
        <i3dMapping id="wheelBackRight" node="0>0|1|3|0"/>
        <i3dMapping id="steeringBarRef" node="0>0|1|3|1"/>
        <i3dMapping id="backlightsStatic" node="0>0|2|0|2"/>
        <i3dMapping id="turnlightRightStatic" node="0>0|2|0|3"/>
        <i3dMapping id="turnlightLeftStatic" node="0>0|2|0|4"/>
        <i3dMapping id="frontlightstatic" node="0>0|2|0|5"/>
        <i3dMapping id="hellaWorkingLightRound_01" node="0>0|2|1|0"/>
        <i3dMapping id="hellaWorkingLightRound_02" node="0>0|2|1|1"/>
        <i3dMapping id="rearPlateNumberLight_01" node="0>0|2|1|2"/>
        <i3dMapping id="sideMarker_04Orange1" node="0>0|2|1|3"/>
        <i3dMapping id="sideMarker_04Orange2" node="0>0|2|1|4"/>
        <i3dMapping id="sideMarker_04Orange3" node="0>0|2|1|5"/>
        <i3dMapping id="sideMarker_04Orange4" node="0>0|2|1|6"/>
        <i3dMapping id="sideMarker_04Orange5" node="0>0|2|1|7"/>
        <i3dMapping id="sideMarker_04Orange" node="0>0|2|1|8"/>
        <i3dMapping id="redTriangle_03" node="0>0|2|1|9"/>
        <i3dMapping id="redTriangle_02" node="0>0|2|1|10"/>
        <i3dMapping id="workLightBackLow" node="0>0|2|2|0"/>
        <i3dMapping id="backLightsHigh1" node="0>0|2|3|0"/>
        <i3dMapping id="licensePlateLightHigh" node="0>0|2|3|1"/>
        <i3dMapping id="turnLightLeftBack" node="0>0|2|4|0"/>
        <i3dMapping id="turnLightRightBack" node="0>0|2|4|1"/>
        <i3dMapping id="beaconLight01" node="0>0|2|5|0"/>
        <i3dMapping id="pickup" node="0>0|3|0"/>
        <i3dMapping id="pickupWheelLeftArm" node="0>0|3|0|0|0"/>
        <i3dMapping id="pickupWheelLeft" node="0>0|3|0|0|0|0"/>
        <i3dMapping id="pickupWheelRightArm" node="0>0|3|0|1|0"/>
        <i3dMapping id="pickupWheelRight" node="0>0|3|0|1|0|0"/>
        <i3dMapping id="drumHolder" node="0>0|3|0|5"/>
        <i3dMapping id="drum01" node="0>0|3|0|5|0"/>
        <i3dMapping id="drum02" node="0>0|3|0|6"/>
        <i3dMapping id="drum03" node="0>0|3|0|7"/>
        <i3dMapping id="drum04" node="0>0|3|0|8"/>
        <i3dMapping id="tines" node="0>0|3|0|9"/>
        <i3dMapping id="tinesPart05" node="0>0|3|0|9|0"/>
        <i3dMapping id="tinesPart04" node="0>0|3|0|9|1"/>
        <i3dMapping id="tinesPart03" node="0>0|3|0|9|2"/>
        <i3dMapping id="tinesPart02" node="0>0|3|0|9|3"/>
        <i3dMapping id="tinesPart01" node="0>0|3|0|9|4"/>
        <i3dMapping id="pickupHydraulicRef" node="0>0|3|0|10"/>
        <i3dMapping id="smokeEmitter" node="0>0|3|0|11|0"/>
        <i3dMapping id="pickupEffectNode" node="0>0|3|0|11|1"/>
        <i3dMapping id="backPartHydraulic" node="0>0|3|1"/>
        <i3dMapping id="backPartHydraulicPunch" node="0>0|3|1|0"/>
        <i3dMapping id="backPart" node="0>0|3|2"/>
        <i3dMapping id="backPartArm02Ref" node="0>0|3|2|0"/>
        <i3dMapping id="backPartFlap" node="0>0|3|2|1"/>
        <i3dMapping id="backPartHydraulicRef" node="0>0|3|2|1|0"/>
        <i3dMapping id="backPartArm01RefFrame" node="0>0|3|3"/>
        <i3dMapping id="backPartArm01" node="0>0|3|4|0"/>
        <i3dMapping id="backPartArm02" node="0>0|3|4|0|0"/>
        <i3dMapping id="backPartArm01LocalRef" node="0>0|3|4|0|1"/>
        <i3dMapping id="rotor" node="0>0|3|5"/>
        <i3dMapping id="swingWheel" node="0>0|3|6|0"/>
        <i3dMapping id="pushBackDirRefFrame" node="0>0|3|7"/>
        <i3dMapping id="pushBackMoveRotation" node="0>0|3|8|0"/>
        <i3dMapping id="pushBackRef" node="0>0|3|8|0|0"/>
        <i3dMapping id="pushBackDir" node="0>0|3|8|1"/>
        <i3dMapping id="pushBack" node="0>0|3|8|1|0"/>
        <i3dMapping id="pushBackPunchRef" node="0>0|3|8|1|0|0"/>
        <i3dMapping id="pushRotorRot" node="0>0|3|8|2"/>
        <i3dMapping id="pushRotor" node="0>0|3|8|2|0"/>
        <i3dMapping id="pushBackPunch" node="0>0|3|8|2|0|0"/>
        <i3dMapping id="inputMoverMainArmRef" node="0>0|3|9|0"/>
        <i3dMapping id="rafferRotArm" node="0>0|3|10"/>
        <i3dMapping id="inputMoverMainArm" node="0>0|3|10|0"/>
        <i3dMapping id="inputMoverMainArmPart" node="0>0|3|10|0|0"/>
        <i3dMapping id="pto01" node="0>0|3|11|0"/>
        <i3dMapping id="pto02" node="0>0|3|12|0"/>
        <i3dMapping id="fan01" node="0>0|3|13|0"/>
        <i3dMapping id="fan02" node="0>0|3|14|0"/>
        <i3dMapping id="fan03" node="0>0|3|15|0"/>
        <i3dMapping id="knotingArmRefFrame" node="0>0|3|16"/>
        <i3dMapping id="knotingArmPartRefFrame" node="0>0|3|17"/>
        <i3dMapping id="knotingArm" node="0>0|3|18|0"/>
        <i3dMapping id="knotingArmPart" node="0>0|3|18|0|0"/>
        <i3dMapping id="knotingDrum" node="0>0|3|19"/>
        <i3dMapping id="knotingArmPartRef" node="0>0|3|19|0"/>
        <i3dMapping id="steeringBarHydraulic" node="0>0|3|20"/>
        <i3dMapping id="steeringBarHydraulicPunch" node="0>0|3|20|0"/>
        <i3dMapping id="pickupHydraulic" node="0>0|3|21"/>
        <i3dMapping id="pickupHydraulicPunch" node="0>0|3|21|0"/>
        <i3dMapping id="blade" node="0>0|3|22|0"/>
        <i3dMapping id="inputMoverMainArmRefFrame" node="0>0|3|24"/>
        <i3dMapping id="workAreaStart" node="0>0|4|0"/>
        <i3dMapping id="workAreaWidth" node="0>0|4|1"/>
        <i3dMapping id="workAreaHeight" node="0>0|4|2"/>
        <i3dMapping id="liftupEffectNode" node="0>0|5|0"/>
        <i3dMapping id="baleAnimation" node="0>0|6|0"/>
        <i3dMapping id="baleNode" node="0>0|6|0|0"/>
        <i3dMapping id="baleRootNode" node="0>0|6|1"/>
        <i3dMapping id="headerChain" node="0>0|7|0"/>
        <i3dMapping id="bigBaler1290HD" node="0>0|7|7|0"/>
        <i3dMapping id="config_nh" node="0>0|9|0"/>
        <i3dMapping id="config_case" node="0>0|9|1"/>
        <i3dMapping id="licensePlateNodeBack" node="0>0|10"/>
        <i3dMapping id="bigBaler1290HD_pickup_component2" node="1>"/>
        <i3dMapping id="wheelLeftAxis" node="1>0"/>
        <i3dMapping id="wheelLeft" node="1>0|0"/>
        <i3dMapping id="wheelRightAxis" node="1>1"/>
        <i3dMapping id="wheelRight" node="1>1|0"/>
        <i3dMapping id="groundReferenceNode" node="1>2"/>
        <i3dMapping id="pickupRef" node="1>3"/>
        <i3dMapping id="drumHolderSuspensions" node="1>4"/>
    </i3dMappings>
</vehicle>