﻿<?xml version="1.0" encoding="utf-8" standalone="no" ?>
<modDesc descVersion="67">
    <author>Carl-TG</author>
    <version>1.0.0.0</version>
    <title>
        <en>RadioTower</en>
        <de>Funkturm</de>
        <fr>Radio La Tour</fr>
    </title>
    <description>
        <en><![CDATA[Radio Tower-Generator

Price: 25800 $
DailyUpkeep: 10 $
Income: 67872 $/month]]></en>
        <de><![CDATA[Funkturm-Generator

Preis: 25800 €
Unterhalt: 10 €/Tag
Einkommen: 67872 €/Monat]]></de>
        <fr><![CDATA[Générateur radioTower

Prix : 25800 €
Entretien quotidien: 10 €
Revenu : 67872 €/mois]]></fr>
    </description>
    <iconFilename>icon.png</iconFilename>
    <multiplayer supported="true"/>
	<storeItems>
	   <storeItem xmlFilename="radioTower.xml"/>
   </storeItems>

   <l10n> 
     <text name="radioTower_storeitem">
        <en>Radio Tower</en>
        <de>Funkturm</de>
     </text>
   </l10n>
</modDesc>
