<?xml version="1.0" encoding="utf-8" standalone="no" ?>
<placeable type="solarPanel" xmlns:xsi="http://www.w3.org/2001/XMLSchema-instance" xsi:noNamespaceSchemaLocation="../../../../../shared/xml/schema/placeable.xsd">
    <storeData>
        <name>$l10n_radioTower_storeitem</name>
        <functions>
            <function>$l10n_function_powerGenerator</function>
        </functions>
        <image>store_radioTower.dds</image>
        <price>25800</price>
        <dailyUpkeep>10</dailyUpkeep>
        <lifetime>1000</lifetime>
        <rotation>0</rotation>
        <brand>Ultra's Comms Co</brand>
        <species>placeable</species>
        <category>generators</category>
        <brush>
            <type>placeable</type>
            <category>production</category>
            <tab>generators</tab>
        </brush>
        <vertexBufferMemoryUsage>348416</vertexBufferMemoryUsage>
        <indexBufferMemoryUsage>44288</indexBufferMemoryUsage>
        <textureMemoryUsage>1638400</textureMemoryUsage>
        <audioMemoryUsage>0</audioMemoryUsage>
        <instanceVertexBufferMemoryUsage>0</instanceVertexBufferMemoryUsage>
        <instanceIndexBufferMemoryUsage>0</instanceIndexBufferMemoryUsage>
    </storeData>

    <base>
        <filename>radioTower.i3d</filename>
    </base>

    <placement useRandomYRotation="false" useManualYRotation="true" >
        <testAreas>
            <testArea startNode="testArea1Start" endNode="testArea1End" />
        </testAreas>

        <sounds>
            <place template="smallImp" pitchScale="1.6"/>
        </sounds>
    </placement>

    <clearAreas>
        <clearArea startNode="clearArea1Start" widthNode="clearArea1Width" heightNode="clearArea1Height"/>
    </clearAreas>

    <indoorAreas />

    <leveling requireLeveling="true" maxSmoothDistance="1" maxSlope="75" maxEdgeAngle="30">
        <levelAreas>
            <levelArea startNode="levelArea1Start" widthNode="levelArea1Width" heightNode="levelArea1Height"/>
        </levelAreas>
    </leveling>

    <tipOcclusionUpdateAreas>
        <tipOcclusionUpdateArea startNode="tipOcclusionUpdateArea1Start" endNode="tipOcclusionUpdateArea1End" />
    </tipOcclusionUpdateAreas>

    <ai>
        <updateAreas>
            <updateArea startNode="tipOcclusionUpdateArea1Start" endNode="tipOcclusionUpdateArea1End" />
        </updateAreas>
    </ai>

    <incomePerHour>2828</incomePerHour>

    <i3dMappings>
        <i3dMapping id="clearArea1Start" node="0>0|0" />
        <i3dMapping id="clearArea1Width" node="0>0|0|0" />
        <i3dMapping id="clearArea1Height" node="0>0|0|1" />
        <i3dMapping id="levelArea1Start" node="0>1|0" />
        <i3dMapping id="levelArea1Width" node="0>1|0|0" />
        <i3dMapping id="levelArea1Height" node="0>1|0|1" />
        <i3dMapping id="testArea1Start" node="0>2|0" />
        <i3dMapping id="testArea1End" node="0>2|0|0" />
        <i3dMapping id="tipOcclusionUpdateArea1Start" node="0>3|0" />
        <i3dMapping id="tipOcclusionUpdateArea1End" node="0>3|0|0" />
    </i3dMappings>
</placeable>
