﻿<?xml version="1.0" encoding="utf-8" standalone="no" ?>
<modDesc descVersion="61">
    <author>82Studio</author>
    <version>1.0.1.0</version>
	<title>
        <en>Multifruit Buying Station</en>
        <de>Multifrucht-Einkaufsstation</de>
        <es>Estación De Compra De Frutas Múltiples</es>
    </title>
    <description>
        <en>
<![CDATA[Multifruit Buying Station
Do you need a specific product for your productions? Is your harvest not good enough this season? 

Place this silo in your farm and you will be able to buy any product directly! (with an extra discount versus the market price!)

Products available: 
- All base crops/grains
- All base liquids
- All base production products

Daily upkeep: 100$
Price: 2500 $

Changelog v1.0.1.0:
- Fixed: Prices for PigFood
- Added: Support for Mineral Feed
]]>
        </en>
        <de>
<![CDATA[Multifrucht-Einkaufsstation
Benötigen Sie ein bestimmtes Produkt für Ihre Produktion? Ist Ihre Ernte in dieser Saison nicht gut genug?

Stellen Sie dieses Silo auf Ihren Hof und Sie können jedes Produkt direkt kaufen! (mit einem zusätzlichen Rabatt gegenüber dem Marktpreis!)

Verfügbare Produkte: 
- Alle Basiskulturen/Getreide
- Alle Basisflüssigkeiten
- Alle Grunderzeugnisse

Täglicher Unterhalt: 100€
Preis: 2500 €

Changelog v1.0.1.0:
- Fixed: Prices for PigFood
- Added: Support for Mineral Feed]]>
        </de>
        <es>
<![CDATA[Estación de compra de multifrutas
¿Necesita un producto específico para sus producciones? ¿Su cosecha no es lo suficientemente buena esta temporada? 

¡Coloca este silo en tu granja y podrás comprar cualquier producto directamente! (con un descuento adicional al precio de mercado!)

Productos disponibles: 
- Todos los cultivos base/granos
- Todos los líquidos de base
- Todos los productos de producción de base

Mantenimiento diario: 100€
Precio: 2500 €

Changelog v1.0.1.0:
- Fixed: Prices for PigFood
- Added: Support for Mineral Feed]]>
        </es>
    </description>
    <iconFilename>modIcon.png</iconFilename>
	<multiplayer supported="true" />
    <storeItems>
        <storeItem xmlFilename="xmls/multifruitstation.xml"/>
    </storeItems>
	
	<l10n>
        <text name="function_multifruit">
            <en>Place this on your farm to buy any product.</en>
            <de>Platziere dies auf deiner Farm, um ein Produkt zu kaufen.</de>
            <es>Coloca la estación multiproducto para comprar cualquier producto!.</es>
        </text>
    </l10n>
	
</modDesc>
