﻿<?xml version="1.0" encoding="utf-8" standalone="no" ?>
<modDesc descVersion="65">
    <author>DD ModPassion</author>
    <version>1.4.1.0</version>
    <title>
        <en>Twine Addon</en>
        <de>Garn Addon</de>
    </title>
    <description>
        <en><![CDATA[
This package add the management of the twine for square balers, you just need to enable the mod by adding the required information and follow the text added inside the comments in the xml files present in the "howToEditMods" folder.
The baler for square bale can be filled with the twine, using the pallet with 48 rolls of twine. The pallet is present in the pallets category of the store. Every roll is lenght of 6.000 meters and every bale is wrapped one times by default with six twine.
The twine is used every time the bale increase the fill level.

This package includes:
- Added the twine for square balers
- Added a new HUD that show the twine fill level
- Added a new pallet with rolls of twine for refilling your square baler
- Added pallets with rolls of twine with different brands design
- Added all default square balers of the game edited for working with twine
- Added new store packs: "Twine" here you can find all mods that working with twine
- The twine used is calculated based on the size of each bale

Pallet with rolls of twine:
Brands: Lizard, Case IH, Claas, Krone, Kuhn, Massey Ferguson and New Holland
48 rolls of twine
6.000 meters of twine for every roll
Price: 1.500 $

WARNINGS:
- Always check that you have twine in the square baler before using it
- The square baler doesn't work if the twine is missing

REMEMBER: To make for the use of the twine to work for your square baler, you must follow the comments inside the example mods present in the "howToEditMods" folder. For the last, add this text in your modDesc file:
"<dependencies> <dependency>FS22_twine_addon</dependency> </dependencies>"

Changelog 1.4.1.0
- Added compatibility with update 1.4.1
- Added compatibility with production point

Changelog 1.3.0.0
- Updated the default mods with update 1.3
- Increased compatibility the mod with balers
]]></en>
        <de><![CDATA[
Dieses Paket fügt die Verwaltung des Garns für Quaderballenpressen hinzu. Sie müssen nur den Mod aktivieren, indem Sie die erforderlichen Informationen hinzufügen und dem Text folgen, der in den Kommentaren in den XML-Dateien im Ordner "howToEditMods" hinzugefügt wurde.
Die Ballenpresse für Quaderballen kann mit dem Garn befüllt werden, indem die Palette mit 48 Garnrollen verwendet wird. Die Palette ist in der Kategorie Paletten des Shops vorhanden. Jede Rolle ist 6.000 Meter lang und jeder Ballen wird standardmäßig einmal mit sechs Garnen umwickelt.
Das Garn wird jedes Mal verwendet, wenn der Ballen den Füllstand erhöht.

Dieses Paket beinhaltet:
- Garn für Quaderballenpressen hinzugefügt
- Ein neues HUD hinzugefügt, das den Füllstand des Garns anzeigt
- Eine neue Palette mit Garnrollen zum Nachfüllen Ihrer Quaderballenpresse hinzugefügt
- Paletten mit Garnrollen in verschiedenen Markendesigns hinzugefügt
- Alle Standard-Quaderballenpressen des Spiels hinzugefügt, die für die Arbeit mit Garn bearbeitet wurden
- Neue Store Packs hinzugefügt: "Twine" hier findet ihr alle Mods die mit Twine arbeiten
- Das verwendete Garn wird nach der Größe jedes Ballens berechnet

Palette mit Garnrollen:
Marken: Lizard, Case IH, Claas, Krone, Kuhn, Massey Ferguson und New Holland
48 Rollen Garn
6.000 Meter Garn für jede Rolle
Preis: 1.500 €

WARNUNGEN:
- Überprüfen Sie immer, ob sich Garn in der Quaderballenpresse befindet, bevor Sie sie verwenden
- Quaderballenpresse funktioniert nicht, wenn das Garn fehlt

Denken Sie daran: Damit die Verwendung des Garns für Ihre Quaderballenpresse funktioniert, müssen Sie den Kommentaren in den Beispiel-Mods im Ordner "howToEditMods" folgen. Als letztes fügen Sie diesen Text in Ihre modDesc-Datei ein:
"<dependencies> <dependency>FS22_twine_addon</dependency> </dependencies>"

Changelog 1.4.1.0
- Kompatibilität mit Update 1.4.1 hinzugefügt
- Kompatibilität mit dem Produktionspunkt hinzugefügt

Changelog 1.3.0.0
- Die Standardmods wurden mit Update 1.3 aktualisiert
- Kompatibilität des Mods mit Ballenpressen erhöht
]]></de>
    </description>
    <iconFilename>icon_twine_addon.png</iconFilename>
    <multiplayer supported="true"/>
    <l10n>
        <text name="name_twine">
            <en>Twine</en>
            <de>Garnrollen</de>
            <it>Spago</it>
        </text>
        <text name="function_twine">
            <en>Twine for refilling the Square baler.</en>
            <de>Garn zum Nachfüllen der Quaderballenpresse.</de>
            <it>Spago per presse quadre.</it>
        </text>
        <text name="fillType_twine">
            <en>Twine</en>
            <de>Garnrollen</de>
            <it>Spago</it>
        </text>
        <text name="fillType_twineLizard">
            <en>Twine Lizard</en>
            <de>Garnrollen Lizard</de>
            <it>Spago Lizard</it>
        </text>
        <text name="fillType_twineCaseIH">
            <en>TwineCaseIH</en>
            <de>Garnrollen CaseIH</de>
            <it>Spago CaseIH</it>
        </text>
        <text name="fillType_twineClaas">
            <en>Twine Claas</en>
            <de>Garnrollen Claas</de>
            <it>Spago Claas</it>
        </text>
        <text name="fillType_twineKrone">
            <en>Twine Krone</en>
            <de>Garnrollen Krone</de>
            <it>Spago Krone</it>
        </text>
        <text name="fillType_twineKuhn">
            <en>Twine Kuhn</en>
            <de>Garnrollen Kuhn</de>
            <it>Spago Kuhn</it>
        </text>
        <text name="fillType_twineMasseyFerguson">
            <en>Twine Massey Ferguson</en>
            <de>Garnrollen Massey Ferguson</de>
            <it>Spago Massey Ferguson</it>
        </text>
        <text name="fillType_twineNewHolland">
            <en>Twine New Holland</en>
            <de>Garnrollen New Holland</de>
            <it>Spago New Holland</it>
        </text>
        <text name="info_firstFillTheTwine">
            <en>You first need to fill the baler with the twine!</en>
            <de>Füllen Sie zuerst den Baller mit dem Garnrollen nach!</de>
            <it>Devi prima riempire l'imballatrice con il spago!</it>
        </text>
        <text name="info_needFillTwine">
            <en>You need to finish filling the baler the twine first!</en>
            <de>Sie müssen die Ballenpresse zuerst mit Garnrollen befüllen!</de>
            <it>Devi prima finire di riempire l'imballatrice con lo spago!</it>
        </text>
        <text name="info_allowFillTwine">
            <en>You can load the twine only after you have consumed all the twine loaded in the baler.</en>
            <de>Sie können das Garnrollen erst laden, nachdem Sie das gesamte in die Ballenpresse geladene Garnrollen verbraucht haben.</de>
            <it>È possibile riempire lo spago solo dopo aver consumato tutto lo spago presente nell'imballatrice.</it>
        </text>
        <text name="shop_starterPackTwine">
            <en>Twine</en>
            <de>Garnrollen</de>
            <it>Spago per balle quadre</it>
        </text>
        <text name="configuration_piecesTwine">
            <en>Pieces of 6.000 meters</en>
            <de>Stücke von 6.000 Metern</de>
            <it>Pezzi da 6.000 metri</it>
        </text>
        <text name="fillUnit_pieces">
            <en>%s pieces</en>
            <de>%s Stück</de>
            <it>%s pezzi</it>
        </text>
        <text name="unit_meterShort">
            <en><![CDATA[ m]]></en>
        </text>
        <text name="unit_meter">
            <en>Meters</en>
            <de>Metern</de>
            <it>Metri</it>
        </text>
    </l10n>
    <fillTypes filename="xmlFilename/mod_fillTypes.xml"/>
    <extraSourceFiles>
        <sourceFile filename="specializations/AddStorePack.lua"/>
        <sourceFile filename="specializations/AddTypeManager.lua"/>
    </extraSourceFiles>
    <specializations>
        <specialization name="twineAddon" className="TwineAddon" filename="specializations/TwineAddon.lua">
            <prerequisitesPresent name="baler" value="true"/>
            <prerequisitesPresent name="fillUnit" value="true"/>
            <prerequisitesPresent name="turnOnVehicle" value="true"/>
            <prerequisitesPresent name="drivable" value="false"/>
        </specialization>
        <specialization name="addUnitText" className="AddUnitText" filename="specializations/AddUnitText.lua"/>
    </specializations>
    <vehicleTypes>
        <type name="palletAttachable" parent="baseAttachable" filename="$dataS/scripts/vehicles/Vehicle.lua">
            <specialization name="fillUnit"/>
            <specialization name="addUnitText"/>
            <specialization name="fillVolume"/>
            <specialization name="fillTriggerVehicle"/>
            <specialization name="dischargeable"/>
        </type>
    </vehicleTypes>
    <storeItems>
        <storeItem xmlFilename="xmlFilename/twinePallets.xml"/>
        <storeItem xmlFilename="xmlFilename/twine.xml"/>
        <storeItem xmlFilename="xmlFilename/caseIH_twine.xml"/>
        <storeItem xmlFilename="xmlFilename/claas_twine.xml"/>
        <storeItem xmlFilename="xmlFilename/kuhn_twine.xml"/>
        <storeItem xmlFilename="xmlFilename/krone_twine.xml"/>
        <storeItem xmlFilename="xmlFilename/masseyFerguson_twine.xml"/>
        <storeItem xmlFilename="xmlFilename/newHolland_twine.xml"/>
        <storeItem xmlFilename="xmlFilename/twinePallet.xml"/>
        <storeItem xmlFilename="xmlFilename/caseIH_twinePallet.xml"/>
        <storeItem xmlFilename="xmlFilename/claas_twinePallet.xml"/>
        <storeItem xmlFilename="xmlFilename/kuhn_twinePallet.xml"/>
        <storeItem xmlFilename="xmlFilename/krone_twinePallet.xml"/>
        <storeItem xmlFilename="xmlFilename/masseyFerguson_twinePallet.xml"/>
        <storeItem xmlFilename="xmlFilename/newHolland_twinePallet.xml"/>
        <storeItem xmlFilename="howToEditMods/baler1840.xml"/>
        <storeItem xmlFilename="howToEditMods/bigBaler1290HD.xml"/>
        <storeItem xmlFilename="howToEditMods/lb436HD.xml"/>
        <storeItem xmlFilename="howToEditMods/quadrant5300.xml"/>
        <storeItem xmlFilename="howToEditMods/sb1290ID.xml"/>
        <storeItem xmlFilename="howToEditMods/bigPack1290HDPVC.xml"/>
    </storeItems>
    <storePacks>
        <storePack name="STARTER_TWINE" title="$l10n_shop_starterPackTwine" image="image/storePack_twine.png"/>
    </storePacks>
</modDesc>