<?xml version="1.0" encoding="utf-8" standalone="no" ?>
<modDesc descVersion="67">

    <author>loki_79</author>
    <version>1.2.1.0</version>
	
    <title>
        <en>Universal Autoload</en>
		<!-- <de>Universal Autoload</de> -->
		<fr>Autoload Universel</fr>
		<ru>Универсальная Автозагрузка</ru>
		<nl>Universele Autoload</nl>
		<cz>Univerzální Autoload</cz>
		<pl>Universalne Autoładowanie</pl>
		<es>Autoload Universal</es>
		<br>Carregamento Automático Universal</br>
    </title>
	
    <description>
<en><![CDATA[Autoloading specialisation for flatbed trailers.  This automatically modifies the actual base game trailers, and will be applied to any new or existing trailers on your farm.  Please see the included readme file for instructions on adding to your own mod trailers or pallets.

Features:
- Loads any compatible pallet/container types (see list below)
- Installed automatically on any compatible trailers (see list below)
- Load and Unload by selected material or container type
- Can also restrict loading to full pallets only
- Select 'ALL' to load mixed types in sequence 
- Mixed pallets are loaded in size order for best packing efficiency
- Can interact with trailers when player is on foot (even when not attached to a vehicle)

Special Features for 'KRONE Trailer Profi Liner'
- Load/Unload only available on the side that curtain is open
- Rear loading directly from forklift
- Rear door and curtain can be opened and closed by player on foot

Configured for the following container types:
- BigBags
- BigBag Pallets
- Euro Pallets
- IBC Liquid Tanks
- Square Bales
- Potato Boxes (requires mod: Seed Potato Pack)

Configured for the following trailers:
- Brantner DD 24073/2 XXL (bale trailer)
- Bremer Transportwagen TP 500 S
- BÖCKMANN MH-AL 4320/35
- BÖCKMANN KK 3018/27 H
- Demco Steel Drop Deck
- Farmtech DPW 1800 (standard)
- Fliegl DTS 5.9
- KRONE Trailer Profi Liner
- Kröger PWO 24
- LODE KING Renown Drop Deck
- Welger DK 115 (bale trailer)
- Salek ANS-1900 (bale trailer)

Configured for the following vehicles:
- Lizard Pickup 1986
- Lizard Pickup 2017
- Mahindra Retriever
- JohnDeer XUV865M
- Kubota RTV-XG850
- Kubota RTV-X1140
- Train (vehicle carriage)

Changelog:
v1.2.1.0
- Hotfix for a LUA error that would sometimes occur for vehicles with multiple loading zones
v1.2.0.0
- Added a bale collection mode
- Added an option for rear loading/unloading only
- Added support for autoloading pallets onto the train (vehicle carriage only)
- Added an icon in the shop configuration page to show when autoload is active
- Added global option "manualLoadingOnly" for a less cheaty "autoload light" option
- Added global option to charge per pallet loaded, e.g.: pricePerPallet="10"
- Added disableAutoStrap option (global or per vehicle)
- Added no loading if covered/uncovered options (for trailers with covers)
- Added multiple loading zones (step decks can now load to both areas)
- Added loading of objects by hand (small objects or super-strength)
- Added new console commands (see readme file for more details)
- Implemented function to correctly remove event listeners (credit to GtX)
v1.1.0.0
- Added different stacking heights for bales and pallets
- Pallets stack to different heights based on mass (to improve weight distribution)
- Improved manual loading and unloading with a forklift
- Manual side loading added to KRONE and low loader trailers
- Added Box Trailer vehicle type
v1.0.2.0
 - Updated to work with 1.4.1.0
]]>
</en>

<de><![CDATA[Fügt die automatische Ladefähigkeit für Transportanhänger und Pritschen hinzu.  Die Änderung gilt automatisch für alle kompatiblen Grundausrüstungen im Spiel. Sie wird sowohl für die bereits auf deiner Farm vorhandenen Geräte als auch für zukünftige Käufe angewendet. Die README-Datei enthält die notwendigen Hinweise, um Ihre eigenen modellierten Anhänger oder Paletten hinzuzufügen.

Funktionen:
- Lädt jede Art von kompatiblen Paletten oder Containern (siehe Liste unten)
- Wird automatisch auf allen kompatiblen Anhängern installiert (siehe Liste unten)
- Be- und Entladen durch Auswahl der Warenart oder des Containertyps
- Möglichkeit, nur vollständig gefüllte Paletten zu laden
- Modus 'Alle', um alle gemischten Typen nacheinander zu laden
- Die Paletten werden in der Reihenfolge ihrer Größe geladen, um den Lagerraum zu optimieren
- Kann auch verwendet werden, wenn man zu Fuß neben dem Gerät steht (auch wenn das Gerät nicht angehängt ist)

Sonderfunktionen für den Anhänger 'KRONE Trailer Profi Liner'
- Be- und Entladen nur von der Öffnungsseite der Plane aus nutzbar
- Beladen von der Rückseite bei Verwendung eines Gabelstaplers
- Die Hecktür und die Plane können auch bedient werden, wenn man zu Fuß daneben steht

Liste der kompatiblen Behältertypen: 
- BigBags
- BigBag Paletten
- Europaletten
- IBC Flüssigkeitsbehälter
- Quadratballen
- Palox Kartoffel (erfordert Mod: Seed Potato Pack).

Liste der kompatiblen Anhänger und Pritschen: 
- Brantner DD 24073/2 XXL (Ballenpritsche)
- Bremer Transportwagen TP 500 S
- BÖCKMANN MH-AL 4320/35
- BÖCKMANN KK 3018/27 H
- Demco Steel Drop Deck
- Farmtech DPW 1800 (Standard)
- Fliegl DTS 5.9
- KRONE Trailer Profi Liner
- Kröger PWO 24
- LODE KING Renown Drop Deck
- Welger DK 115 (Ballenpritsche)
- Salek ANS-1900 (Ballenpritsche)

Liste der kompatiblen Fahrzeuge:
- Lizard Pickup 1986
- Lizard Pickup 2017
- Mahindra Retriever
- JohnDeer XUV865M
- Kubota RTV-XG850
- Kubota RTV-X1140
- Zug (Fahrzeugwagen)

Changelog:
v1.2.1.0
- Hotfix für einen LUA-Fehler, der manchmal bei Fahrzeugen mit mehreren Ladezonen auftrat
v1.2.0.0
- Modus zum Sammeln von Ballen hinzugefügt
- Option zum Be- und Entladen nur von hinten hinzugefügt
- Unterstützung für das automatische Aufladen von Paletten auf den Zug wurde hinzugefügt (nur Fahrzeugwagen)
- Auf der Shop-Konfigurationsseite wurde ein Symbol hinzugefügt, das anzeigt, wenn das automatische Laden aktiviert ist
- Globale Option "manualLoadingOnly" für eine weniger betrügerische "autoload light" Option hinzugefügt
- Globale Option hinzugefügt, um pro geladene Palette zu berechnen, z.B.: pricePerPallet="10"
- Option disableAutoStrap hinzugefügt (global oder pro Fahrzeug)
- Option "Keine Beladung, wenn abgedeckt/unabgedeckt" hinzugefügt (für Anhänger mit Abdeckungen)
- Mehrere Ladezonen hinzugefügt (Step Decks können nun in beide Bereiche geladen werden)
- Laden von Objekten von Hand hinzugefügt (kleine Objekte oder Superlängen)
- Neue Konsolenbefehle hinzugefügt (siehe Readme-Datei für weitere Details)
- Funktion zum korrekten Entfernen von Ereignis-Listenern implementiert (Dank an GtX)
v1.1.0.0
- Unterschiedliche Stapelhöhen für Ballen und Paletten hinzugefügt
- Paletten lassen sich je nach Masse unterschiedlich hoch stapeln (um die Gewichtsverteilung zu verbessern)
- Verbessertes manuelles Be- und Entladen mit einem Gabelstapler
- Manuelle Seitenverladung bei KRONE- und Tieflader-Anhängern hinzugefügt
- Fahrzeugtyp "Box Trailer" hinzugefügt
v1.0.2.0
- Aktualisiert für die Verwendung mit 1.4.1.0
]]>
</de>

<fr><![CDATA[Ajoute la capacité de chargement automatique pour les remorques de transport et les plateaux.  La modification est automatique pour tous les équipements compatibles de base dans le jeu. Elle est appliquée pour les équipements déjà présents dans votre ferme aussi bien que pour vos futurs achats. Le fichier README donne les indications nécessaires pour ajouter vos propres remorques ou palettes moddées.

Fonctionnalités :
- Charge tout type de palettes ou conteneurs compatibles (voir liste ci-dessous) 
- Installé automatiquement sur toutes les remorques ou plateaux compatibles (voir liste ci-dessous)
- Chargement et déchargement par sélection du type de marchandises ou par type de conditonnement 
- Possibilité de ne charger que les palettes complètement remplies
- Mode 'Tous' pour charger tous les types mélangés en séquence
- Les palettes sont chargées par ordre de taille pour optimiser l'espace de stockage
- Peut être utilisé même en étant à pied à côté de l'équipement (y compris si celui-ci n'est pas attelé)

Fonctions spéciales pour la remorque 'KRONE Trailer Profi Liner'
- Chargement et déchargement utilisables seulement du côté d'ouverture de la bâche
- Chargement depuis l'arrière si vous utilisez un chariot élévateur
- La porte arrière et la bâche peuvent être manipulées même en étant à pied à côté

Liste des types de conteneurs compatibles : 
- BigBags
- BigBag en palette
- Palette Euro
- Réservoir liquide IBC
- Balle carrée
- Palox Pommes de terre (nécessite le mod : Seed Potato Pack)

Liste des remorques et plateaux compatibles : 
- Brantner DD 24073/2 XXL (plateau à balles)
- Bremer Transportwagen TP 500 S
- BÖCKMANN MH-AL 4320/35
- BÖCKMANN KK 3018/27 H
- Demco Steel Drop Deck
- Farmtech DPW 1800 (standard)
- Fliegl DTS 5.9
- KRONE Trailer Profi Liner
- Kröger PWO 24
- LODE KING Renown Drop Deck
- Welger DK 115 (bale trailer)
- Salek ANS-1900 (bale trailer)

Liste des véhicules compatibles :
- Lizard Pickup 1986
- Lizard Pickup 2017
- Mahindra Retriever
- JohnDeer XUV865M
- Kubota RTV-XG850
- Kubota RTV-X1140
- Train (transport de véhicules)

Changelog:
v1.2.1.0
- Correction d'une erreur LUA qui se produisait parfois pour les véhicules ayant plusieurs zones de chargement
v1.2.0.0
- Ajout d'un mode de collecte des balles
- Ajout d'une option pour le chargement/déchargement par l'arrière uniquement
- Ajout de la prise en charge du chargement automatique des palettes dans le train (uniquement pour les véhicules)
- Ajout d'une icône dans la page de configuration de la boutique pour indiquer quand le chargement automatique est actif
- Ajout d'une option globale "manualLoadingOnly" pour une option "autoload light" moins tricheuse
- Ajout d'une option globale pour facturer par palette chargée, par exemple : pricePerPallet="10"
- Ajout de l'option disableAutoStrap (global ou par véhicule)
- Ajout de l'option "Pas de chargement si le véhicule est couvert/découvert" (pour les remorques couvertes)
- Ajout de zones de chargement multiples (les step decks peuvent maintenant être chargés dans les deux zones)
- Ajout du chargement d'objets à la main (petits objets ou super-longueurs)
- Ajout de nouvelles commandes de console (voir le fichier readme pour plus de détails)
- Implémentation d'une fonction pour supprimer correctement les écouteurs d'événements (crédit à GtX)
v1.1.0.0
- Ajout de différentes hauteurs d'empilage pour les balles et les palettes
- Les palettes s'empilent à des hauteurs différentes en fonction de leur masse (pour améliorer la répartition du poids)
- Amélioration du chargement et du déchargement manuels avec un chariot élévateur à fourche
- Chargement latéral manuel a été ajouté aux remorques KRONE et aux remorques surbaissées
- Ajout du type de véhicule Box Trailer
v1.0.2.0
- Mis à jour pour fonctionner avec la version 1.4.1.0
]]>
</fr>

<cz><![CDATA[Specializace automatického nakládání pro valníkové přívěsy. Mód automaticky upraví přívěsy ze základní hry a použije se na všechny nové nebo stávající přívěsy na vaší farmě. Pokyny pro přidávání do vašich vlastních modifikačních přívěsů nebo palet naleznete v přiloženém souboru README.

Funkce:
- Naloží všechny kompatibilní typy palet/kontejnerů (viz seznam níže)
- Instaluje se automaticky na všechny kompatibilní přívěsy (viz seznam níže)
- Nakládka a vykládka podle vybraného materiálu nebo typu kontejneru
- Může také omezit nakládání pouze na plné palety
- Vyberte 'VŠE', chcete-li načíst smíšené typy v pořadí
- Smíšené palety jsou nakládány v pořadí podle velikosti pro nejlepší efektivitu balení
- Může komunikovat s přívěsy, když je hráč pěšky (i když není připojen k vozidlu)

Speciální funkce pro „KRONE Trailer Profi Liner“
- Nakládání/vykládání je k dispozici pouze na straně, na které je otevřený závěs
- Zadní nakládání přímo z vysokozdvižného vozíku
- Zadní dveře a závěs může hráč otevřít a zavřít pěšky

Nakonfigurováno pro následující typy kontejnerů:
- BigBagy
- BigBag palety
- Euro palety
- IBC nádrže na kapaliny
- Hranaté balíky
- Bramborové krabice (vyžaduje mod: Sadba brambor)

Nakonfigurováno pro následující přívěsy:
- Brantner DD 24073/2 XXL (přívěs na balíky)
- Bremer Transportwagen TP 500 S
- BÖCKMANN MH-AL 4320/35
- BÖCKMANN KK 3018/27 H
- Demco Steel Drop Deck
- Farmtech DPW 1800 (standardní)
- Fliegl DTS 5.9
- Přívěs KRONE Profi Liner
- Kröger PWO 24
- LODE KING Renomovaný Drop Deck
- Welger DK 115 (přívěs na balíky)
- Salek ANS-1900 (přívěs na balíky)

Nakonfigurováno pro následující vozidla:
- Lizard Pickup 1986
- Lizard Pickup 2017
- Mahindra Retriever
- JohnDeer XUV865M
- Kubota RTV-XG850
- Kubota RTV-X1140
- Vlak (vagon vozidla)

Changelog:
v1.2.1.0
- Oprava chyby LUA, která se někdy vyskytovala u vozidel s více nakládacími zónami
v1.2.0.0
- Přidán režim sběru balíků
- Přidána možnost pouze zadní nakládky/vykládky
- Přidána podpora pro automatické nakládání palet do vlaku (pouze u vozů)
- Na stránku konfigurace obchodu byla přidána ikona, která zobrazuje, kdy je aktivní automatické načítání.
- Přidána globální volba "manualLoadingOnly" pro méně podvodnou volbu "autoload light".
- Přidána globální možnost účtování za každou naloženou paletu, např.: pricePerPallet="10"
- Přidána možnost disableAutoStrap (globální nebo pro každé vozidlo)
- Přidány možnosti nenakládat, pokud je zakrytý/nezakrytý (pro návěsy s kryty)
- Přidáno více nakládacích zón (stupňovité paluby lze nyní nakládat do obou oblastí)
- Přidáno ruční nakládání předmětů (malé předměty nebo superdlouhé předměty)
- Přidány nové konzolové příkazy (více informací naleznete v souboru readme)
- Implementována funkce pro správné odstranění posluchačů událostí (zásluha GtX)
v1.1.0.0
- Přidány různé výšky stohování balíků a palet
- Palety se stohují do různých výšek v závislosti na hmotnosti (pro lepší rozložení hmotnosti)
- Vylepšeno ruční nakládání a vykládání pomocí vysokozdvižného vozíku
- Ruční boční nakládání přidané do přívěsů KRONE a nízkonákladových přívěsů
- Přidán typ vozidla Box Trailer
v1.0.2.0
- Aktualizováno pro práci s verzí 1.4.1.0

CZ překlad: SniperKittenCZ
]]>
</cz>

<pl><![CDATA[Specjalizacja autoloading dla przyczep z platformą. To automatycznie modyfikuje rzeczywiste zwiastuny gry podstawowej i zostanie zastosowane do wszystkich nowych lub istniejących zwiastunów na twojej farmie. Proszę zapoznać się z plikiem README, aby uzyskać instrukcje dotyczące dodawania do własnych przyczep lub palet z modami.
Cechy:
- Ładuje dowolne kompatybilne typy palet/kontenerów (patrz lista poniżej)
- Instalowany automatycznie na dowolnych kompatybilnych przyczepach (patrz lista poniżej)
- Załadunek i rozładunek według wybranego materiału lub typu kontenera
- Może również ograniczyć załadunek tylko do pełnych palet
- Wybierz „WSZYSTKIE”, aby kolejno załadować różne typy
- Palety mieszane są ładowane w kolejności rozmiarów, aby zapewnić najlepszą wydajność pakowania
- Może wchodzić w interakcje z przyczepami, gdy gracz jest na piechotę (nawet jeśli nie jest przymocowany do pojazdu)

Specjalne funkcje „KRONE Trailer Profi Liner”
- Załadunek / rozładunek dostępny tylko po stronie, po której kurtyna jest otwarta
- Załadunek tylny bezpośrednio z wózka widłowego
- Tylne drzwi i zasłony mogą być otwierane i zamykane przez gracza na piechotę

Skonfigurowany dla następujących typów kontenerów:
- Duże torby
- Palety BigBag
- Palety Euro
- Zbiorniki na ciecz IBC
- Bele Kwadratowe i Okrągłe

Skonfigurowany dla następujących przyczep:
- Brantner DD 24073/2 XXL (przyczepa do bel)
- Bremer Transportwagen TP 500 S
- BÖCKMANN MH-AL 4320/35
- BÖCKMANN KK 3018/27 H
- Demco Steel Drop Deck
- Farmtech DPW 1800 (standard)
- Fliegl DTS 5.9
- KRONE Trailer Profi Liner
- Kröger PWO 24
- Zrzut talii LODE KING Renown
- Welger DK 115 (przyczepa do bel)
- Salek ANS-1900 (przyczepa do bel)

Skonfigurowany dla następujących pojazdów:
- Lizard Pickup 1986
- Lizard Pickup 2017
- Mahindra Retriever
- JohnDeer XUV865M
- Kubota RTV-XG850
- Kubota RTV-X1140
- Pociąg (przewóz pojazdów)

Changelog:
v1.2.1.0
- Poprawka do błędu LUA, który czasami występował w przypadku pojazdów z wieloma strefami załadunku
v1.2.0.0
- Dodano tryb zbierania beli
- Dodano opcję tylko dla tylnego załadunku/rozładunku
- Dodano obsługę automatycznego załadunku palet na pociąg (tylko przewóz pojazdów)
- Dodano ikonę na stronie konfiguracji sklepu, aby pokazać, kiedy autoload jest aktywny
- Dodano globalną opcję "manualLoadingOnly" dla mniej oszukańczej opcji "autoload light".
- Dodano globalną opcję naliczania opłaty za załadowaną paletę, np.: pricePerPallet="10"
- Dodano opcję disableAutoStrap (globalną lub dla każdego pojazdu)
- Dodano opcje "nie ładować, jeśli przykryte/niepokryte" (dla przyczep z pokrywami)
- Dodano wiele stref załadunku (pokłady schodkowe mogą teraz ładować się do obu stref)
- Dodano ładowanie obiektów ręcznie (małe obiekty lub superdługości)
- Dodano nowe komendy konsoli (więcej szczegółów w pliku readme)
- Zaimplementowana funkcja do prawidłowego usuwania słuchaczy zdarzeń (zasługa GtX)
v1.1.0.0
- Dodano różne wysokości układania w stos dla bel i palet
- Palety układane są na różnych wysokościach w zależności od masy (aby poprawić rozkład ciężaru)
- Usprawniono ręczny załadunek i rozładunek za pomocą wózka widłowego
- Dodano ręczny załadunek boczny w przyczepach KRONE i niskopodwoziowych
- Dodano typ pojazdu Box Trailer
v1.0.2.0
- Zaktualizowano do pracy z wersją 1.4.1.0

TRANSLATION - PL by ELRICOFATAL
]]>
</pl>
<es><![CDATA[Especialización autoload para tráilers. Modifica automáticamente los tráilers del juego base, y se aplica a cualquier existente o nuevo. Por favor consulte el archivo README para instrucciones o para añadir este mod a tus propios tráilers o palés.

Características:
- Carga cualquier palé/contenedor compatible (ver lista abajo)
- Instalado automáticamente en cualquier tráiler compatible (ver lista abajo)
- Carga y descarga por material seleccionado o por tipo de contenedor
- Se puede restringir para cargar solo palés
- Seleccionar 'TODO' para cargar tipos distintos secuencialmente
- Los contenedores distintos se cargan en orden para mayor eficiencia
- Se puede interactuar con el tráiler cuando el jugador va a pié (incluso sin vehículo conectado)

Características especiales para el 'Krone Trailer Profi Liner'
- Carga/Descarga solo disponible desde el lado con la cortina abierta
- Carga desde la puerta trasera directamente con la carretilla elevadora
- Puerta de atras y cortina se pueden abrir y cerrar con el jugador a pié

Configurado para los siguientes tipos de contenedor:
- Sacos grandes
- Palés de saco grande
- Palés
- IBC Palé de líquido
- Pacas cuadradas
- Cajas de patata (mod necesario: Seed Potato Pack)

Configurado para los siguientes tráilers:
- Brantner DD 24073/2 XXL (carga de pacas)
- Bremer Transportwagen TP 500 S
- BÖCKMANN MH-AL 4320/35
- BÖCKMANN KK 3018/27 H
- Demco Steel Drop Deck
- Farmtech DPW 1800 (standard)
- Fliegl DTS 5.9
- KRONE Trailer Profi Liner
- Kröger PWO 24
- LODE KING Renown Drop Deck
- Welger DK 115 (carga de pacas)
- Salek ANS-1900 (carga de pacas)

Configurado para los siguientes vehículos:
- Lizard Pickup 1986
- Lizard Pickup 2017
- Mahindra Retriever
- JohnDeer XUV865M
- Kubota RTV-XG850
- Kubota RTV-X1140
- Tren (vagón de vehículos)

Changelog:
v1.2.1.0
- Corrección de un error de LUA que a veces se producía en vehículos con múltiples zonas de carga
v1.2.0.0
- Se ha añadido un modo de recogida de balas
- Se ha añadido una opción para la carga/descarga trasera solamente
- Se ha añadido la posibilidad de cargar automáticamente los palés en el tren (sólo en el vagón de vehículos)
- Añadido un icono en la página de configuración de la tienda para mostrar cuando la carga automática está activa
- Añadida la opción global "manualLoadingOnly" para una opción menos tramposa de "autoload light".
- Añadida la opción global de cobrar por palet cargado, por ejemplo: pricePerPallet="10"
- Añadida la opción disableAutoStrap (global o por vehículo)
- Añadida la opción de no cargar si está cubierto/descubierto (para remolques con cubierta)
- Añadida la opción de múltiples zonas de carga (las cubiertas escalonadas ahora pueden cargar en ambas zonas)
- Añadida la carga de objetos a mano (objetos pequeños o superlongitud)
- Añadidos nuevos comandos de consola (ver archivo readme para más detalles)
- Implementada función para eliminar correctamente los escuchadores de eventos (crédito a GtX)
v1.1.0.0
- Añadidas diferentes alturas de apilamiento para balas y palets
- Los palés se apilan a diferentes alturas en función de la masa (para mejorar la distribución del peso)
- Mejora de la carga y descarga manual con una carretilla elevadora
- Carga lateral manual añadida a los remolques KRONE y de plataforma baja
- Añadido el tipo de vehículo Box Trailer
v1.0.2.0
- Actualizado para funcionar en 1.4.1.0

TRANSLATION - ES by Aphroo7
]]>
</es>
<br><![CDATA[Especialização em carregamento automático para reboques planos. Isso modifica automaticamente os trailers reais do jogo base e será aplicado a quaisquer trailers novos ou existentes em sua fazenda. Consulte o arquivo README para obter instruções sobre como adicionar seus próprios trailers ou paletes de mods.

Características:
- Carrega qualquer tipo de palete/contêiner compatível (veja a lista abaixo)
- Instalado automaticamente em qualquer reboque compatível (veja a lista abaixo)
- Carregar e descarregar por material selecionado ou tipo de contêiner
- Também pode restringir o carregamento apenas para paletes completos
- Selecione 'ALL' para carregar tipos mistos em sequência
- Paletes mistos são carregados em ordem de tamanho para melhor eficiência de embalagem
- Pode interagir com trailers quando o jogador estiver a pé (mesmo quando não estiver preso a um veículo)

Recursos especiais para 'KRONE Trailer Profi Liner'
- Carregar/Descarregar disponível apenas no lado em que a cortina está aberta
- Carga traseira diretamente da empilhadeira
- Porta traseira e cortina podem ser abertas e fechadas pelo jogador a pé

Configurado para os seguintes tipos de contêiner:
- Bigbags
- Paletes BigBag
- Euro-Paletes
- Tanques de Líquido IBC
- Fardos Quadrados
- Caixa de Batatas (requer mod: Seed Potato Pack)

Configurado para os seguintes trailers:
- Brantner DD 24073/2 XXL (reboque de fardos)
- Bremer Transportwagen TP 500 S
- BÖCKMANN MH-AL 4320/35
- BÖCKMANN KK 3018/27 H
- Demco Steel Drop Deck
- Farmtech DPW 1800 (padrão)
- Fliegl DTS 5.9
- KRONE Trailer Profi Liner
- Kröger PWO 24
- LODE KING Renown Drop Deck
- Welger DK 115 (reboque de fardos)
- Salek ANS-1900 (reboque de fardos)

Configurado para os seguintes veículos:
- Lizard Pickup 1986
- Lizard Pickup 2017
- Mahindra Retriever
- JohnDeer XUV865M
- Kubota RTV-XG850
- Kubota RTV-X1140
- Trem (vagão de veículo)

Registro de alterações:
v1.2.1.0
- Correção a quente para um erro de LUA que às vezes ocorreria para veículos com múltiplas zonas de carga
v1.2.0.0
- Adicionado um modo de coleta de fardos
- Adicionada uma opção apenas para carga/descarga traseira
- Suporte adicional para a auto-carga de paletes no trem (somente transporte de veículos)
- Adicionado um ícone na página de configuração da loja para mostrar quando a carga automática está ativa
- Adicionada a opção global "manualLoadingOnly" para uma opção menos trapaceira de "autoload light".
- Adicionada opção global para cobrar por palete carregado, por exemplo: pricePerPallet="10".
- Adicionada a opção desabilitarAutoStrap (global ou por veículo)
- Adicionado nenhum carregamento se coberto/descoberto opções (para reboques com coberturas)
- Acrescentadas múltiplas zonas de carga (os degraus podem agora ser carregados em ambas as áreas)
- Carga adicional de objetos à mão (objetos pequenos ou super-esforço)
- Adicionados novos comandos de console (veja o arquivo readme para mais detalhes)
- Função implementada para remover corretamente os ouvintes do evento (crédito para GtX)
v1.1.0.0
- Adicionadas diferentes alturas de empilhamento para fardos e paletes
- Os paletes empilham em diferentes alturas com base na massa (para melhorar a distribuição de peso)
- Carga e descarga manual melhorada com uma empilhadeira
- Carga lateral manual adicionada aos reboques KRONE e de baixa carga
- Adicionado tipo de veículo Box Trailer
v1.0.2.0
 - Atualizado para trabalhar com 1.4.1.0

TRADUÇÃO - BR por Myiamoto86
]]>
</br>
    </description>
	
	<multiplayer supported="true" />
	<iconFilename>modIcon.dds</iconFilename>
	
	<extraSourceFiles>
        <sourceFile filename="UniversalAutoloadInstaller.lua" />
    </extraSourceFiles>
	
 	<actions>
		<action name="UNIVERSALAUTOLOAD_TOGGLE_LOADING" category="VEHICLE" axisType="HALF" ignoreComboMask="false"/>
		<action name="UNIVERSALAUTOLOAD_UNLOAD_ALL" category="VEHICLE" axisType="HALF" ignoreComboMask="false"/>
		<action name="UNIVERSALAUTOLOAD_TOGGLE_TIPSIDE" category="VEHICLE" axisType="HALF" ignoreComboMask="false"/>
		<action name="UNIVERSALAUTOLOAD_TOGGLE_FILTER" category="VEHICLE" axisType="HALF" ignoreComboMask="false"/>
		<action name="UNIVERSALAUTOLOAD_CYCLE_MATERIAL_FW" category="VEHICLE" axisType="HALF" ignoreComboMask="false"/>
		<action name="UNIVERSALAUTOLOAD_CYCLE_MATERIAL_BW" category="VEHICLE" axisType="HALF" ignoreComboMask="false"/>
		<action name="UNIVERSALAUTOLOAD_SELECT_ALL_MATERIALS" category="VEHICLE" axisType="HALF" ignoreComboMask="false"/>
		<action name="UNIVERSALAUTOLOAD_CYCLE_CONTAINER_FW" category="VEHICLE" axisType="HALF" ignoreComboMask="false"/>
		<action name="UNIVERSALAUTOLOAD_CYCLE_CONTAINER_BW" category="VEHICLE" axisType="HALF" ignoreComboMask="false"/>
		<action name="UNIVERSALAUTOLOAD_SELECT_ALL_CONTAINERS" category="VEHICLE" axisType="HALF" ignoreComboMask="false"/>
		<action name="UNIVERSALAUTOLOAD_TOGGLE_BELTS" category="VEHICLE" axisType="HALF" ignoreComboMask="false"/>
		<action name="UNIVERSALAUTOLOAD_TOGGLE_DOOR" category="VEHICLE" axisType="HALF" ignoreComboMask="false"/>
		<action name="UNIVERSALAUTOLOAD_TOGGLE_CURTAIN" category="VEHICLE" axisType="HALF" ignoreComboMask="false"/>
		<action name="UNIVERSALAUTOLOAD_TOGGLE_SHOW_DEBUG" category="VEHICLE" axisType="HALF" ignoreComboMask="false"/>
		<action name="UNIVERSALAUTOLOAD_TOGGLE_SHOW_LOADING" category="VEHICLE" axisType="HALF" ignoreComboMask="false"/>
		<action name="UNIVERSALAUTOLOAD_TOGGLE_BALE_COLLECTION" category="VEHICLE" axisType="HALF" ignoreComboMask="false"/>
	</actions>
	
	<inputBinding>
		<actionBinding action="UNIVERSALAUTOLOAD_TOGGLE_LOADING" >
			<binding device="KB_MOUSE_DEFAULT" input="KEY_lshift KEY_r" />
		</actionBinding>
		<actionBinding action="UNIVERSALAUTOLOAD_UNLOAD_ALL" >
			<binding device="KB_MOUSE_DEFAULT" input="KEY_lshift KEY_i" />
		</actionBinding>
		<actionBinding action="UNIVERSALAUTOLOAD_TOGGLE_TIPSIDE" >
			<binding device="KB_MOUSE_DEFAULT" input="KEY_u" />
		</actionBinding>
		<actionBinding action="UNIVERSALAUTOLOAD_TOGGLE_FILTER" >
			<binding device="KB_MOUSE_DEFAULT" input="KEY_o" />
		</actionBinding>
		<actionBinding action="UNIVERSALAUTOLOAD_CYCLE_MATERIAL_FW" >
			<binding device="KB_MOUSE_DEFAULT" input="KEY_y" />
		</actionBinding>
		<actionBinding action="UNIVERSALAUTOLOAD_CYCLE_MATERIAL_BW" >
			<binding device="KB_MOUSE_DEFAULT" input="KEY_lshift KEY_y" />
		</actionBinding>
		<actionBinding action="UNIVERSALAUTOLOAD_SELECT_ALL_MATERIALS" >
			<binding device="KB_MOUSE_DEFAULT" input="KEY_lctrl KEY_y" />
		</actionBinding>
		<actionBinding action="UNIVERSALAUTOLOAD_CYCLE_CONTAINER_FW" >
			<binding device="KB_MOUSE_DEFAULT" input="KEY_t" />
		</actionBinding>
		<actionBinding action="UNIVERSALAUTOLOAD_CYCLE_CONTAINER_BW" >
			<binding device="KB_MOUSE_DEFAULT" input="KEY_lshift KEY_t" />
		</actionBinding>
		<actionBinding action="UNIVERSALAUTOLOAD_SELECT_ALL_CONTAINERS" >
			<binding device="KB_MOUSE_DEFAULT" input="KEY_lctrl KEY_t" />
		</actionBinding>
		<actionBinding action="UNIVERSALAUTOLOAD_TOGGLE_BELTS" >
			<binding device="KB_MOUSE_DEFAULT" input="KEY_lshift KEY_l" />
		</actionBinding>
		<actionBinding action="UNIVERSALAUTOLOAD_TOGGLE_DOOR" >
			<binding device="KB_MOUSE_DEFAULT" input="KEY_lshift KEY_x" />
		</actionBinding>
		<actionBinding action="UNIVERSALAUTOLOAD_TOGGLE_CURTAIN" >
			<binding device="KB_MOUSE_DEFAULT" input="KEY_lshift KEY_z" />
		</actionBinding>
		<actionBinding action="UNIVERSALAUTOLOAD_TOGGLE_SHOW_DEBUG" >
			<binding device="KB_MOUSE_DEFAULT" input="KEY_lctrl KEY_lshift KEY_f12" />
		</actionBinding>
		<actionBinding action="UNIVERSALAUTOLOAD_TOGGLE_SHOW_LOADING" >
			<binding device="KB_MOUSE_DEFAULT" input="KEY_lshift KEY_f12" />
		</actionBinding>
		<actionBinding action="UNIVERSALAUTOLOAD_TOGGLE_BALE_COLLECTION" >
			<binding device="KB_MOUSE_DEFAULT" input="KEY_lctrl KEY_lshift KEY_r" />
		</actionBinding>
	</inputBinding>
	
	<l10n>
		<text name="configuration_universalAutoload">
			<en>Universal Autoload</en>
			<de>Universal Autoload</de>
			<fr>Autoload Universel</fr>
			<ru>Универсальная автозагрузка</ru>
			<nl>Universele Autoload</nl>
			<cz>Univerzální Autoload</cz>
			<pl>Universalne Autoładowanie</pl>
			<es>Autoload Universal</es>
			<br>Autoload Universal</br>
		</text>
		<text name="input_UNIVERSALAUTOLOAD_TOGGLE_LOADING">
			<en>Toggle loading</en>
			<de>Laden umschalten</de>
			<fr>Activer le chargement</fr>
			<ru>Переключить загрузку</ru>
			<nl>Laden starten/stoppen</nl>
			<cz>Přepnout nakládání</cz>
			<pl>Przełącz ładowanie</pl>
			<es>Cambiar carga/descarga</es>
			<br>Carregar</br>
		</text>
		<text name="input_UNIVERSALAUTOLOAD_TOGGLE_BALE_COLLECTION">
			<en>Automatic Bale Collection Mode</en>
			<de>Automatischer Ballensammel-Modus</de>
			<fr>Mode de collecte automatique des balles</fr>
			<ru>Автоматический сбор тюков</ru>
			<nl>Automatische balenophaalmodus</nl>
			<cz>Režim automatického sběru balíků</cz>
			<pl>Tryb automatycznego zbierania beli</pl>
			<es>Modo de recogida automática de balas</es>
			<br>Modo de coleta automática de fardos</br>
		</text>
		<text name="input_UNIVERSALAUTOLOAD_UNLOAD_ALL">
			<en>Unload</en>
			<de>Abladen</de>
			<fr>Décharger tous</fr>
			<ru>Разгрузка</ru>
			<nl>Lossen</nl>
			<cz>Vyložit</cz>
			<pl>Rozładuj</pl>
			<es>Descargar</es>
			<br>Descarregar</br>
		</text>
		<text name="input_UNIVERSALAUTOLOAD_TOGGLE_TIPSIDE">
			<en>Toggle unloading side</en>
			<de>Aktive entladeseite umschalten</de>
			<fr>Choix du côté actif</fr>
			<ru>Сменить сторону разгрузки</ru>
			<nl>Schakelaar loszijde</nl>
			<cz>Přepnout stranu vykládky</cz>
			<pl>Przełącz stronę rozładunku</pl>
			<es>Cambiar lado de descarga</es>
			<br>Lado p/ descarregar</br>
		</text>
		<text name="input_UNIVERSALAUTOLOAD_TOGGLE_FILTER">
			<en>Toggle loading filter</en>
			<de>Ladefilter umschalten</de>
			<fr>Sélection du chargement</fr>
			<ru>Переключить фильтр загрузки</ru>
			<nl>Schakelaar laad filter</nl>
			<cz>Přepnout filtr nakládky</cz>
			<pl>Przełącz filtr ładowania</pl>
			<es>Cambiar filtro de carga</es>
			<br>Filtro de carregamento</br>
		</text>
		<text name="input_UNIVERSALAUTOLOAD_CYCLE_MATERIAL_FW">
			<en>Change selected material type (next)</en>
			<de>Materialtyp wechseln (vorwärts)</de>
			<fr>Sélection du type de marchandise (suivant)</fr>
			<ru>Изменить выбранный тип материала (след.)</ru>
			<nl>Geselecteerd producttype wijzigen (volgende)</nl>
			<cz>Změnit vybraný typ materiálu (další)</cz>
			<pl>Zmień wybrany typ materiału (następny)</pl>
			<es>Cambiar material seleccionado (siguiente)</es>
			<br>Trocar tipo de material selecionado (prox.)</br>
		</text>
		<text name="input_UNIVERSALAUTOLOAD_CYCLE_MATERIAL_BW">
			<en>Change selected material type (previous)</en>
			<de>Materialtyp wechseln (rückwärts)</de>
			<fr>Sélection du type de marchandise (précédent)</fr>
			<ru>Изменить выбранный тип материала (пред.)</ru>
			<nl>Geselecteerd producttype wijzigen (vorige)</nl>
			<cz>Změnit vybraný typ materiálu (předchozí)</cz>
			<pl>Zmień wybrany typ materiału (poprzedni)</pl>
			<es>Cambiar material seleccionado (anterior)</es>
			<br>Trocar tipo de material selecionado (ant.)</br>
		</text>
		<text name="input_UNIVERSALAUTOLOAD_SELECT_ALL_MATERIALS">
			<en>Select all material types</en>
			<de>Alle Materialtyp auswählen</de>
			<fr>Sélectionner tous types de marchandises</fr>
			<ru>Выбрать все типы материалов</ru>
			<nl>Selecteer alle producttypes</nl>
			<cz>Vyberte všechny typy materiálů</cz>
			<pl>Wybierz wszystkie typy materiałów</pl>
			<es>Seleccionar todos los materiales</es>
			<br>Seleciona todos os tipos de materiais</br>
		</text>
		<text name="input_UNIVERSALAUTOLOAD_CYCLE_CONTAINER_FW">
			<en>Change selected container type (next)</en>
			<de>Containertyp wechseln (vorwärts)</de>
			<fr>Sélection du type de conditionnement (suivant)</fr>
			<ru>Изменить выбранный тип контейнера (след.)</ru>
			<nl>Geselecteerd containertype wijzigen (volgende)</nl>
			<cz>Změnit vybraný typ kontejneru (další)</cz>
			<pl>Zmień wybrany typ kontenera (następny)</pl>
			<es>Cambiar tipo de contenedor (siguiente)</es>
			<br>Trocar tipo de contêiner (prox.)</br>
		</text>
		<text name="input_UNIVERSALAUTOLOAD_CYCLE_CONTAINER_BW">
			<en>Change selected container type (previous)</en>
			<de>Containertyp wechseln (rückwärts)</de>
			<fr>Sélection du type de conditionnement (précédent)</fr>
			<ru>Изменить выбранный тип контейнера (пред.)</ru>
			<nl>Geselecteerd containertype wijzigen (vorige)</nl>
			<cz>Změnit vybraný typ kontejneru (předchozí)</cz>
			<pl>Zmień wybrany typ kontenera (poprzedni)</pl>
			<es>Cambiar tipo de contenedor (anterior)</es>
			<br>Trocar tipo de contêiner (ant.)</br>
		</text>
		<text name="input_UNIVERSALAUTOLOAD_SELECT_ALL_CONTAINERS">
			<en>Select all container types</en>
			<de>Alle Containertypen auswählen</de>
			<fr>Sélectionner tous types de conditionnement</fr>
			<ru>Выбрать все типы контейнеров</ru>
			<nl>Selecteer alle containertypes</nl>
			<cz>Vyberte všechny typy kontejnerů</cz>
			<pl>Wybierz wszystkie typy kontenerów</pl>
			<es>Todos los tipos de contenedor</es>
			<br>Marca todos os tipos de contêiners</br>
		</text>
		<text name="input_UNIVERSALAUTOLOAD_TOGGLE_BELTS">
			<en>Fasten/Unfasten tension belts</en>
			<de>Spanngurte anbringen/lösen</de>
			<fr>Attacher/détacher les sangles de serrage</fr>
			<ru>Прикрепить/открепить ремни</ru>
			<nl>Spanbanden vast-/losmaken</nl>
			<cz>Zapnout/odepnout upínací pásy</cz>
			<pl>Zapinanie/Odpinanie pasów napinających</pl>
			<es>Soltar/Sujetar cintas tensoras </es>
			<br>Apertar/Soltar cintos de tensão</br>
		</text>
		<text name="input_UNIVERSALAUTOLOAD_TOGGLE_DOOR">
			<en>Open/Close rear door</en>
			<de>Hintertür Öffnen/Schließen</de>
			<fr>Ouvrir/fermer la porte arrière</fr>
			<ru>Открыть/Закрыть заднюю дверь</ru>
			<nl>Openen/sluiten achterdeur</nl>
			<cz>Otevřít/zavřít zadní dveře</cz>
			<pl>Otwórz/zamknij tylne drzwi</pl>
			<es>Abrir/Cerrar puerta trasera</es>
			<br>Abrir/Fechar porta traseira</br>
		</text>
		<text name="input_UNIVERSALAUTOLOAD_TOGGLE_CURTAIN">
			<en>Open/Close curtain side</en>
			<de>Plane öffnen/schließen</de>
			<fr>Ouvrir/fermer la bâche</fr>
			<ru>Открыть/Закрыть боковой тент</ru>
			<nl>Openen/sluiten schuifzeil</nl>
			<cz>Otevřít/zavřít boční závěs</cz>
			<pl>Otwórz/zamknij kurtyny</pl>
			<es>Abrir/Cerrar cortina lateral</es>
			<br>Abrir/Fechar cortina lateral</br>
		</text>
		<text name="input_UNIVERSALAUTOLOAD_TOGGLE_SHOW_DEBUG">
			<en>Full debug mode</en>
			<de>Vollständiger Debug-Modus</de>
			<fr>Mode débogage complet</fr>
			<ru>Режим полной отладки</ru>
			<nl>Volledige debug-modus</nl>
			<cz>Úplný režim ladění</cz>
			<pl>Pełny Tryb Debugu</pl>
			<es>Modo debug completa</es>
			<br>Modo de depuração total</br>
		</text>
		<text name="input_UNIVERSALAUTOLOAD_TOGGLE_SHOW_LOADING">
			<en>Simple debug mode</en>
			<de>Einfacher Debug-Modus</de>
			<fr>Mode débogage simple</fr>
			<ru>Режим простой отладки</ru>
			<nl>Eenvoudige debug-modus</nl>
			<cz>Jednoduchý režim ladění</cz>
			<pl>Prosty Tryb Debugu</pl>
			<es>Modo debug simple</es>
			<br>Modo de depuração simples</br>
		</text>

		<text name="warning_UNIVERSALAUTOLOAD_CLEAR_UNLOADING_AREA">
			<en>Unloading area is blocked. Please clear the unloading area.</en>
			<de>Der Entladebereich ist blockiert. Bitte räumen Sie den Abladebereich.</de>
			<fr>La zone de déchargement est bloquée. Veuillez libérer la zone de déchargement.</fr>
			<ru>Зона разгрузки занята. Пожалуйста, очистите зону разгрузки.</ru>
			<nl>Losplaats is geblokkeerd. Maak ruimte vrij op de losplaats.</nl>
			<cz>Oblast vykládky je blokována. Vyčistěte prosím oblast vykládky.</cz>
			<pl>Obszar rozładunku jest zablokowany. Oczyść obszar rozładunku.</pl>
			<es>Area de descarga bloqueada. Por favor despeje la zona.</es>
			<br>Área de descarregamento bloqueada. Por favor, limpe a área de descarga.</br>
		</text>
		<text name="warning_UNIVERSALAUTOLOAD_NO_OBJECTS_FOUND">
			<en>No compatible goods are available for loading or unloading.</en>
			<de>Es sind keine kompatiblen Waren zum Be- oder Entladen vorhanden.</de>
			<fr>Aucune marchandise compatible n'est disponible pour le chargement ou le déchargement.</fr>
			<ru>Нет совместимых товаров для погрузки или разгрузки.</ru>
			<nl>Er zijn geen ondersteunde producten gevonden voor het in- en uitladen.</nl>
			<cz>Žádné kompatibilní zboží není k dispozici pro nakládku nebo vykládku.</cz>
			<pl>Żadne zgodne towary nie są dostępne do załadunku lub rozładunku.</pl>
			<es>No hay productos compatibles para cargar o descargar.</es>
			<br>Nenhum item compatível está disponível para cargarregar ou descarregar.</br>
		</text>
		<text name="warning_UNIVERSALAUTOLOAD_UNABLE_TO_LOAD_OBJECT">
			<en>Loading area is full. Unable to load any more items of this size.</en>
			<de>Der Ladebereich ist voll. Es können keine weiteren Artikel dieser Größe geladen werden.</de>
			<fr>La zone de chargement est pleine. Impossible de charger d'autres articles de cette taille.</fr>
			<ru>Загрузочное пространство заполнено. Невозможно загрузить больше предметов такого размера.</ru>
			<nl>Laadruimte is vol. Kan geen items van deze grootte meer laden.</nl>
			<cz>Ložná plocha je plná. Nelze načíst další položky této velikosti.</cz>
			<pl>Jesteś Zapchany. Niemożna więcej załadować.</pl>
			<es>Area de carga completa. No es posible cargar mas objetos de este tamaño.</es>
			<br>A área de carregamento está cheia. Não foi possível carregar mais destes itens.</br>
		</text>
		<text name="warning_UNIVERSALAUTOLOAD_NO_LOADING_UNLESS_STATIONARY">
			<en>No loading allowed unless stationary. Please come to a complete stop before loading the trailer.</en>
			<de>Das Beladen ist nur im Stillstand erlaubt. Bitte halten Sie vor dem Beladen des Anhängers vollständig an.</de>
			<fr>Le chargement est interdit à moins d'être à l'arrêt. Veuillez vous arrêter complètement avant de charger la remorque.</fr>
			<ru>Погрузка разрешена только в неподвижном состоянии. Перед погрузкой прицепа необходимо полностью остановиться.</ru>
			<nl>Er mag niet geladen worden tenzij het voertuig stilstaat. Gelieve te stoppen met bewegen of de trailer opnieuw te laden.</nl>
			<cz>Není povoleno nakládání za pohuybu. Před naložením přívěsu se prosím úplně zastavte.</cz>
			<pl>Nie można załadować podczas jazdy. Zatrzymaj pojazd zanim załadujesz.</pl>
			<es>No es posible cargar en movimiento. Por favor detengase completamente antes de cargar el tráiler.</es>
			<br>Nenhum carregamento permitido apenas parado. Por favor, pare completamente antes de carregar o trailer.</br>
		</text>
		<text name="universalAutoload_tipside">
			<en>Unloading side</en>
			<de>Aktive entladeseite</de>
			<fr>Côté actif</fr>
			<ru>Сторона разгрузки</ru>
			<nl>Loszijde</nl>
			<cz>Vykládací strana</cz>
			<pl>Strona rozładunku</pl>
			<es>Lado de descarga</es>
			<br>Lado de descarregamento</br>
		</text>
		<text name="universalAutoload_left">
			<en>Left</en>
			<de>Links</de>
			<fr>Gauche</fr>
			<ru>Слева</ru>
			<nl>Links</nl>
			<cz>Vlevo</cz>
			<pl>Lewa</pl>
			<es>Izquierda</es>
			<br>Esquerda</br>
		</text>
		<text name="universalAutoload_right">
			<en>Right</en>
			<de>Rechts</de>
			<fr>Droit</fr>
			<ru>Справа</ru>
			<nl>Rechts</nl>
			<cz>Vpravo</cz>
			<pl>Prawa</pl>
			<es>Derecha</es>
			<br>Direita</br>
		</text>
		<text name="universalAutoload_none">
			<en>None</en>
			<de>Keine</de>
			<fr>Aucun</fr>
			<ru>Нет</ru>
			<nl>Niks</nl>
			<cz>Nic</cz>
			<pl>Żadna</pl>
			<es>Ninguno</es>
			<br>Nenhum</br>
		</text>
		<text name="universalAutoload_loadingFilter">
			<en>Loading filter</en>
			<de>Ladefilter</de>
			<fr>Choix du chargement</fr>
			<ru>Фильтр загрузки</ru>
			<nl>Laad filter</nl>
			<cz>Filtr nakládky</cz>
			<pl>Filtr ładowania</pl>
			<es>Filtro de carga</es>
			<br>Filtro de carregamento</br>
		</text>
		<text name="universalAutoload_fullOnly">
			<en>Full only</en>
			<de>Nur volle</de>
			<fr>Complet uniquement</fr>
			<ru>Только полные</ru>
			<nl>Alleen volle</nl>
			<cz>Pouze plné</cz>
			<pl>Tylko pełne</pl>
			<es>Solo completo</es>
			<br>Completo apenas</br>
		</text>
		<text name="universalAutoload_loadAny">
			<en>Any</en>
			<de>Jede</de>
			<fr>Tout</fr>
			<ru>Любой</ru>
			<nl>Alles</nl>
			<cz>Vše</cz>
			<pl>Każde</pl>
			<es>Cualquiera</es>
			<br>Qualquer</br>
		</text>
		<text name="universalAutoload_startLoading">
			<en>Start loading</en>
			<de>Laden starten</de>
			<fr>Démarrer chargement</fr>
			<ru>Начать загрузку</ru>
			<nl>Start laden</nl>
			<cz>Začít nakládku</cz>
			<pl>Rozpocznij ładowanie</pl>
			<es>Empezar carga</es>
			<br>Iniciar carregamento</br>
		</text>
		<text name="universalAutoload_stopLoading">
			<en>Stop loading</en>
			<de>Laden stoppen</de>
			<fr>Arrêter le chargement</fr>
			<ru>Остановить загрузку</ru>
			<nl>Stop laden</nl>
			<cz>Zastavit nakládku</cz>
			<pl>Zatrzymaj ładowanie</pl>
			<es>Detener carga</es>
			<br>Parar carregamento</br>
		</text>
		<text name="universalAutoload_unloadAll">
			<en>Unload</en>
			<de>Abladen</de>
			<fr>Décharger</fr>
			<ru>Разгрузка</ru>
			<nl>Lossen</nl>
			<cz>Vyložit</cz>
			<pl>Rozładuj</pl>
			<es>Descargar</es>
			<br>Descarregar</br>
		</text>
		<text name="universalAutoload_baleMode">
			<en>Auto-Bale Mode</en>
			<de>Auto-Ballen-Modus</de>
			<fr>Mode Auto-Balles</fr>
			<ru>Автосбор тюков</ru>
			<nl>Auto-Bale Mode</nl>
			<cz>Sbírka Auto-Bale Režim</cz>
			<pl>Tryb Auto-Bale</pl>
			<es>Modo Auto-Paca</es>
			<br>Modo Auto Fardo</br>
		</text>
		<text name="universalAutoload_enabled">
			<en>Enabled</en>
			<de>Aktiviert</de>
			<fr>Activé</fr>
			<ru>Включено</ru>
			<nl>Ingeschakeld</nl>
			<cz>Povoleno</cz>
			<pl>Włączone</pl>
			<es>Activado</es>
			<br>Habilitado</br>
		</text>
		<text name="universalAutoload_disabled">
			<en>Disabled</en>
			<de>Deaktiviert</de>
			<fr>Désactivé</fr>
			<ru>Отключено</ru>
			<nl>Uitgeschakeld</nl>
			<cz>Zakázáno</cz>
			<pl>Wyłączone</pl>
			<es>Desactivado</es>
			<br>Deficiente</br>
		</text>
		<text name="universalAutoload_activate">
			<en>Activate</en>
			<de>Aktivieren</de>
			<fr>Activer</fr>
			<ru>Активировать</ru>
			<nl>Activeer</nl>
			<cz>Aktivace</cz>
			<pl>Aktywuj</pl>
			<es>Activar</es>
			<br>Ativar</br>
		</text>
		<text name="universalAutoload_deactivate">
			<en>Deactivate</en>
			<de>Deaktivieren</de>
			<fr>Désactiver</fr>
			<ru>Деактивировать</ru>
			<nl>Deactiveren</nl>
			<cz>Deaktivace</cz>
			<pl>Dezaktywuj</pl>
			<es>Desactivar</es>
			<br>Desativar</br>
		</text>
		<text name="universalAutoload_materialType">
			<en>Material type</en>
			<de>Materialtyp</de>
			<fr>Marchandise sélectionnée</fr>
			<ru>Тип материала</ru>
			<nl>Producttype</nl>
			<cz>Typ materiálu</cz>
			<pl>Typ materiału</pl>
			<es>Tipo de material</es>
			<br>Tipo de material</br>
		</text>
		<text name="universalAutoload_containerType">
			<en>Container type</en>
			<de>Containertyp</de>
			<fr>Conditionnement sélectionné</fr>
			<ru>Тип контейнера</ru>
			<nl>Containertype</nl>
			<cz>Typ kontejneru</cz>
			<pl>Typ kontenera</pl>
			<es>Tipo de contenedor</es>
			<br>Tipo de contêiner</br>
		</text>
		<text name="universalAutoload_ALL">
			<en>All</en>
			<de>Alle</de>
			<fr>Tous</fr>
			<ru>Все</ru>
			<nl>Alles</nl>
			<cz>Vše</cz>
			<pl>Wszystko</pl>
			<es>Cualquiera</es>
			<br>Todos</br>
		</text>
		<text name="universalAutoload_LIQUID_TANK">
			<en>IBC Tank</en>
			<de>Flüssigkeitstank</de>
			<fr>Réservoir de liquide IBC</fr>
			<ru>IBC-бак</ru>
			<nl>IBC VloeistofTank</nl>
			<cz>IBC nádrž</cz>
			<pl>Zbiornik Płynów</pl>
			<es>Palé de líquido</es>
			<br>Tanque líquido IBC</br>
		</text>
		<text name="universalAutoload_EURO_PALLET">
			<en>Euro Pallet</en>
			<de>Euro-Palette</de>
			<fr>Palette euro</fr>
			<ru>Европоддон</ru>
			<nl>Europallet</nl>
			<cz>Europaleta</cz>
			<pl>Euro Paleta</pl>
			<es>Palé</es>
			<br>Euro Pallet</br>
		</text>
		<text name="universalAutoload_PIONEER_PALLET">
			<en>Pioneer Pallet</en>
			<de>Pioneer-Palette</de>
			<fr>Palette pioneer</fr>
			<ru>Поддон Pioneer</ru>
			<nl>Pioneer-pallet</nl>
			<cz>Pioneer paleta</cz>
			<pl>Pioneer Paleta</pl>
			<es>Palé Pioneer</es>
			<br>Pioneer Pallet</br>
		</text>
		<text name="universalAutoload_BIGBAG_PALLET">
			<en>Bigbag Pallet</en>
			<de>Bigbag-Palette</de>
			<fr>Palette de big bag</fr>
			<ru>Поддон Bigbag</ru>
			<nl>Bigbag-pallet</nl>
			<cz>Bigbag paleta</cz>
			<pl>Bigbag Paleta</pl>
			<es>Palé de sacos grandes</es>
			<br>Bigbag Pallet</br>
		</text>
		<text name="universalAutoload_BIGBAG">
			<en>Bigbag</en>
			<de>Bigbag</de>
			<fr>Big bag</fr>
			<ru>Bigbag</ru>
			<nl>Bigbag</nl>
			<cz>Bigbag</cz>
			<pl>Torba</pl>
			<es>Saco grande</es>
			<br>Bigbag</br>
		</text>
		<text name="universalAutoload_POTATOBOX">
			<en>Potato Box</en>
			<de>Kartoffelkiste</de>
			<fr>Palox pommes de terre</fr>
			<ru>Ящик картофеля</ru>
			<nl>Aardappelkist</nl>
			<cz>Krabice brambor</cz>
			<pl>Ziemnioki</pl>
			<es>Caja de patatas</es>
			<br>Caixa de batatas</br>
		</text>
		<text name="universalAutoload_BALE">
			<en>Bale</en>
			<de>Ballen</de>
			<fr>Balle</fr>
			<ru>Тюк</ru>
			<nl>Balen</nl>
			<cz>Balík</cz>
			<pl>Bele</pl>
			<es>Paca</es>
			<br>Fardo</br>
		</text>
		<text name="universalAutoload_ROUND_BALE">
			<en>Round bale</en>
			<de>Rundballen</de>
			<fr>Balle Ronde</fr>
			<ru>Круглый тюк</ru>
			<nl>Ronde balen</nl>
			<cz>Kulatý balík</cz>
			<pl>Okrągłe bele</pl>
			<es>Paca redonda</es>
			<br>Fardo redondo</br>
		</text>
		<text name="universalAutoload_SQUARE_BALE">
			<en>Square bale</en>
			<de>Quaderballen</de>
			<fr>Balle carrée</fr>
			<ru>Квадратный тюк</ru>
			<nl>Vierkante balen</nl>
			<cz>Hranatý balík</cz>
			<pl>Kańciaste bele</pl>
			<es>Paca rectangular</es>
			<br>fardo quadrado</br>
		</text>
	</l10n>

</modDesc>
