<?xml version="1.0" encoding="utf-8" standalone="no" ?>
<modDesc descVersion="64">
    <author>DD ModPassion</author>
    <version>1.0.0.0</version>
    <title>
        <en>Lizard Rumbler Van Additional Features</en>
        <de>Lizard Rumbler Van Zusatzfunktionen</de>
    </title>
    <description>
        <en><![CDATA[
This vehicle you can be used to transport boxes, big bags, pallets and tank. It's possible to load or unload the vehicle, when near at the loading or unloading area, according to the availability of the area.
This vehicle, with the big bags or tanks configuration, can unload by creating big bags or tanks on the ground near the rear side.

Max. power: 300 hp
Max. speed: 120 kph

Specifications for short version
Capacity with automatic loading and unloading:
- 7.050 l egg
- 2.040 l milk
- 2.750 l wool
- 3.000 l big bag with wheat, fertilizer, oat, lime, pig food, seeds, road salt, barley, canola, sorghum, sunflower, soybean, maize, mineral feed
- 4.000 l tank with liquid fertilizer, herbicide, silage additive
- 67.200 m net wrap
- 576.000 m twine
Price: 78.000 €

Specifications for long version
Capacity with automatic loading and unloading:
- 9.040 l egg
- 2.720 l milk
- 4.000 wool
- 4.000 l big bag with, wheat, fertilizer, oat, lime, pig food, seeds, road, salt, barley, canola, sorghum, sunflower, soybean, maize, mineral feed
- 6.000 l tank with liquid fertilizer, herbicide, silage additive
- 100.800 m net wrap
- 864.000 m twine
Price: 87.000 €

ADDITIONAL FEATURES:
- Added support for net wrap
- Added support for twine
]]></en>
        <de><![CDATA[
Mit diesem Fahrzeug können Sie Kisten, Big Bags, Paletten und Tanks transportieren. Es ist möglich, das Fahrzeug zu laden oder zu entladen, wenn es sich in der Nähe des Lade oder Entladebereichs befindet, je nach Verfügbarkeit des Bereichs.
Mit der Big Bags oder Tanks Konfiguration kann dieses Fahrzeug entladen werden, indem Big Bags oder Tanks auf dem Boden nahe der Rückseite erzeugt werden.

Max. Leistung: 300 PS
Höchstgeschwindigkeit: 120 km/h

Spezifikationen für die kurze Version
Kapazität bei automatischer Be und Entladung:
- 7.050 l Eier
- 2.040 l Milch
- 2.750 l Wolle
- 3.000 l Big Bags mit Weizen, Mineraldünger, Hafer, Kalk, Schweinefutter, Saatgut, Streusalz, Gerste, Raps, Sorghum, Sonnenblumen, Sojabohnen, Mais, Mineralfutter
- 4.000 l Tank mit Flüssigdünger, Herbizid, Siliermittel
- 100.800 m Netzfolie
- 864.000 m Garnrollen
Preis: 78.000 €

Spezifikationen für die lange Version
Kapazität bei automatischer Be und Entladung:
- 9.040 l Eier
- 2.720 l Milch
- 4.000 l Wolle
- 4.000 l Big Bags mit Weizen, Mineraldünger, Hafer, Kalk, Schweinefutter, Saatgut, Streusalz, Gerste, Raps, Sorghum, Sonnenblumen, Sojabohnen, Mais, Mineralfutter
- 6.000 l Tank mit Flüssigdünger Herbizid Siliermittel
- 100.800 m Netzfolie
- 864.000 m Garnrollen
Preis: 87.000 €

ZUSATZFUNKTIONEN:
- Unterstützung für Netzfolie
- Unterstützung für Garnrollen
]]></de>
    </description>
    <iconFilename>icon_rumblerVan.png</iconFilename>
    <multiplayer supported="true"/>
    <l10n>
        <text name="function_pallets">
            <en>The vehicle can be filled with boxes, big bags, pallets and tank.</en>
            <de>Das Fahrzeug kann mit Kisten, Big Bags, Paletten und Tanks gefüllt werden.</de>
            <it>Il veicolo può caricare scatole, grandi sacchi, pallets e serbatoi.</it>
        </text>
        <text name="category_tank">
            <en>Tanks</en>
            <de>Tanks</de>
            <it>Serbatoi</it>
        </text>
        <text name="fillType_netWrap">
            <en>Net wrap</en>
            <de>Netzfolie</de>
            <it>Rete</it>
        </text>
        <text name="fillType_twine">
            <en>Twine</en>
            <de>Garnrollen</de>
            <it>Spago</it>
        </text>
        <text name="configuration_valueDecals">
            <en>With Decals</en>
            <de>Mit Aufkleber</de>
            <it>Con Adesivi</it>
        </text>
        <text name="configuration_valueBeaconLight">
            <en>Beacon lights</en>
            <de>Rundumleuchten</de>
            <it>Lampeggianti</it>
        </text>
        <text name="configuration_valueDecalsBeaconLight">
            <en>Decals and beacon lights</en>
            <de>Aufkleber und Rundumleuchten</de>
            <it>Adesivi e Lampeggiante</it>
        </text>
        <text name="unit_meterShort">
            <en>m</en>
        </text>
    </l10n>
    <specializations>
        <specialization name="removeDuplicateModStoreItem" className="RemoveDuplicateModStoreItem" filename="specializations/RemoveDuplicateModStoreItem.lua"/>
    </specializations>
    <storeItems>
        <storeItem xmlFilename="xmlFilename/rumblerVan.xml"/>
        <storeItem xmlFilename="xmlFilename/rumblerLongVan.xml"/>
    </storeItems>
    <dependencies>
        <dependency>FS22_lizard_rumblerVan_crossplay</dependency>
        <dependency>FS22_netWrap_addon</dependency>
        <dependency>FS22_twine_addon</dependency>
    </dependencies>
</modDesc>
