<?xml version="1.0" encoding="utf-8" standalone="no" ?>
<data>
    <works>
        <work name="invoiceWorks_stoneCollection" amount="350" unit="Ha" />
        <work name="invoiceWorks_plowing" amount="850" unit="Ha" />
        <work name="invoiceWorks_cultivate" amount="500" unit="Ha" />
        <work name="invoiceWorks_mulching" amount="480" unit="Ha" />
        <work name="invoiceWorks_sawing" amount="550" unit="Ha" />
        <work name="invoiceWorks_sawingPotatoe" amount="800" unit="Ha" />
        <work name="invoiceWorks_sawingSugarCane" amount="800" unit="Ha" />
        <work name="invoiceWorks_roller" amount="350" unit="Ha" />
        <work name="invoiceWorks_harrow" amount="350" unit="Ha" />
        <work name="invoiceWorks_precutting" amount="350" unit="Ha" />
        <work name="invoiceWorks_organicFertilizer" amount="450" unit="Ha" />
        <work name="invoiceWorks_artificialFertilizer" amount="450" unit="Ha" />
        <work name="invoiceWorks_harverstGrain" amount="1500" unit="Ha" />
        <work name="invoiceWorks_harverstPotato" amount="2500" unit="Ha" />
        <work name="invoiceWorks_harverstSugarBeets" amount="2500" unit="Ha" />
        <work name="invoiceWorks_harverstSugarCane" amount="3500" unit="Ha" />
        <work name="invoiceWorks_harverstCotton" amount="2000" unit="Ha" />
        <work name="invoiceWorks_harverstGrapes" amount="1800" unit="Ha" />
        <work name="invoiceWorks_harverstOlives" amount="1800" unit="Ha" />
        <work name="invoiceWorks_choppingChaff" amount="2000" unit="Ha" />
        <work name="invoiceWorks_moving" amount="700" unit="Ha" />
        <work name="invoiceWorks_clamor" amount="350" unit="Ha" />
        <work name="invoiceWorks_heaping" amount="400" unit="Ha" />
        <work name="invoiceWorks_pressBales" amount="65" unit="Stk" />
        <work name="invoiceWorks_baleWrapping" amount="85" unit="Stk" />
        <work name="invoiceWorks_buyBales" amount="45" unit="Stk" />
        <work name="invoiceWorks_sellBales" amount="45" unit="Stk" />
        <work name="invoiceWorks_feedAnimals" amount="175" unit="Std" />
        <work name="invoiceWorks_cleanBarn" amount="250" unit="Std" />
        <work name="invoiceWorks_removeSnow" amount="1000" unit="Std" />
        <work name="invoiceWorks_laborer" amount="1000" unit="Std" />
        <work name="invoiceWorks_shovelWork" amount="1500" unit="Std" />
        <work name="invoiceWorks_plantTrees" amount="300" unit="Stk" />
        <work name="invoiceWorks_cutTrees" amount="700" unit="Stk" />
        <work name="invoiceWorks_removeTree" amount="300" unit="Stk" />
        <work name="invoiceWorks_driving" amount="1000" unit="Std" />
        <work name="invoiceWorks_siloWork" amount="900" unit="Std" />
        <work name="invoiceWorks_delivery" amount="900" unit="Std" />
        <work name="invoiceWorks_transport" amount="800" unit="Std" />
        <work name="invoiceWorks_animalTransport" amount="1250" unit="Std" />
        <work name="invoiceWorks_vehicleLease" amount="500" unit="Std" />
        <work name="invoiceWorks_goods" amount="0.5" unit="L" />
        <work name="invoiceWorks_addCosts" amount="100" unit="Stk" />
        <work name="invoiceWorks_eggCarLoads" amount="9040" unit="Stk" />
        <work name="invoiceWorks_cargoBase" amount="5000" unit="Stk" />
        <work name="invoiceWorks_cargoPlus" amount="11000" unit="Stk" />
        <work name="invoiceWorks_cargoPremium" amount="60000" unit="Stk" />
        <work name="invoiceWorks_cargoWorker" amount="500" unit="Stk" />
        
    </works>
</data>